{
    "car_type": "unknown",
    "name": "Alfa_Romeo_Giulietta_QV",
    "pts": {
        "fl wheel": 0,
        "bl wheel": 1,
        "br wheel": 2,
        "fr wheel": 3,
        "windshield tr": 4,
        "windshield tl": 5,
        "windshield bl": 6,
        "windshield br": 7,
        "rear window tl": 8,
        "rear window tr": 9,
        "rear window br": 10,
        "rear window bl": 11,
        "rearview mirror l": 12,
        "rearview mirror r": 13,
        "bottom of license fr": 14,
        "bottom of license fl": 15,
        "bottom of license bl": 16,
        "bottom of license br": 17,
        "headlight fr inner bottom": 18,
        "headlight fr outer top": 19,
        "headlight fl inner bottom": 20,
        "headlight fl outer top": 21,
        "headlight bl inner bottom": 22,
        "headlight bl outer top": 23,
        "headlight br inner bottom": 24,
        "headlight br outer top": 25,
        "bottom bumper fl": 26,
        "bottom bumper bl": 27,
        "bottom bumper br": 28,
        "bottom bumper fr": 29,
        "side window back l": 30,
        "side window back r": 31
    },
    "vertices": [
        [
            -0.867448,
            -0.312818,
            1.308099
        ],
        [
            -0.867009,
            -0.313079,
            -1.324209
        ],
        [
            0.864921,
            -0.313079,
            -1.324209
        ],
        [
            0.865365,
            -0.312818,
            1.308099
        ],
        [
            0.524356,
            -1.346027,
            0.244624
        ],
        [
            -0.53172,
            -1.343697,
            0.245725
        ],
        [
            -0.727212,
            -0.977271,
            0.88942
        ],
        [
            0.717338,
            -0.976139,
            0.890572
        ],
        [
            -0.583643,
            -1.268693,
            -1.415639
        ],
        [
            0.581559,
            -1.268693,
            -1.415639
        ],
        [
            0.608409,
            -1.084446,
            -1.695461
        ],
        [
            -0.610515,
            -1.084446,
            -1.695461
        ],
        [
            -0.974203,
            -1.081676,
            0.447841
        ],
        [
            0.976928,
            -1.06898,
            0.444775
        ],
        [
            0.245853,
            -0.363867,
            2.269784
        ],
        [
            -0.270288,
            -0.363867,
            2.274784
        ],
        [
            -0.268971,
            -0.491124,
            -2.07442
        ],
        [
            0.242829,
            -0.491124,
            -2.07442
        ],
        [
            0.513491,
            -0.634728,
            2.11016
        ],
        [
            0.741181,
            -0.863124,
            1.683619
        ],
        [
            -0.508307,
            -0.631308,
            2.12406
        ],
        [
            -0.737743,
            -0.869667,
            1.681476
        ],
        [
            -0.329171,
            -0.903551,
            -1.975242
        ],
        [
            -0.782032,
            -0.960807,
            -1.676466
        ],
        [
            0.327768,
            -0.905044,
            -1.974645
        ],
        [
            0.78031,
            -0.963339,
            -1.671827
        ],
        [
            -0.729847,
            -0.211825,
            1.894325
        ],
        [
            -0.736105,
            -0.23711,
            -1.768743
        ],
        [
            0.734467,
            -0.239746,
            -1.77135
        ],
        [
            0.747924,
            -0.21011,
            1.861979
        ],
        [
            -0.641908,
            -1.219948,
            -1.24453
        ],
        [
            0.642359,
            -1.216505,
            -1.24354
        ]
    ]
}