{
    "car_type": "unknown",
    "name": "Audi_A3",
    "pts": {
        "fl wheel": 0,
        "bl wheel": 1,
        "br wheel": 2,
        "fr wheel": 3,
        "windshield tr": 4,
        "windshield tl": 5,
        "windshield bl": 6,
        "windshield br": 7,
        "rear window tl": 8,
        "rear window tr": 9,
        "rear window br": 10,
        "rear window bl": 11,
        "rearview mirror l": 12,
        "rearview mirror r": 13,
        "bottom of license fr": 14,
        "bottom of license fl": 15,
        "bottom of license bl": 16,
        "bottom of license br": 17,
        "headlight fr inner bottom": 18,
        "headlight fr outer top": 19,
        "headlight fl inner bottom": 20,
        "headlight fl outer top": 21,
        "headlight bl inner bottom": 22,
        "headlight bl outer top": 23,
        "headlight br inner bottom": 24,
        "headlight br outer top": 25,
        "bottom bumper fl": 26,
        "bottom bumper bl": 27,
        "bottom bumper br": 28,
        "bottom bumper fr": 29,
        "side window back l": 30,
        "side window back r": 31
    },
    "vertices": [
        [
            -0.874448,
            -0.324927,
            1.373017
        ],
        [
            -0.866843,
            -0.325322,
            -1.260618
        ],
        [
            0.872483,
            -0.325322,
            -1.260618
        ],
        [
            0.880087,
            -0.324927,
            1.373018
        ],
        [
            0.59344,
            -1.314271,
            0.319955
        ],
        [
            -0.589049,
            -1.314091,
            0.319275
        ],
        [
            -0.734706,
            -0.940139,
            0.956361
        ],
        [
            0.74136,
            -0.940139,
            0.956361
        ],
        [
            -0.537197,
            -1.295153,
            -1.075335
        ],
        [
            0.543854,
            -1.295153,
            -1.075335
        ],
        [
            0.614994,
            -1.053293,
            -1.649431
        ],
        [
            -0.60834,
            -1.053293,
            -1.649431
        ],
        [
            -0.99218,
            -1.035715,
            0.505095
        ],
        [
            0.998834,
            -1.035715,
            0.505095
        ],
        [
            0.256047,
            -0.400508,
            2.232823
        ],
        [
            -0.255193,
            -0.400508,
            2.232823
        ],
        [
            -0.256047,
            -0.718326,
            -2.112478
        ],
        [
            0.255193,
            -0.718326,
            -2.112478
        ],
        [
            0.522189,
            -0.595627,
            2.125475
        ],
        [
            0.796864,
            -0.730679,
            1.767385
        ],
        [
            -0.515535,
            -0.595627,
            2.125475
        ],
        [
            -0.79021,
            -0.730679,
            1.767385
        ],
        [
            -0.362624,
            -0.798124,
            -2.079303
        ],
        [
            -0.757467,
            -0.880718,
            -1.809173
        ],
        [
            0.369278,
            -0.798124,
            -2.079303
        ],
        [
            0.760033,
            -0.889057,
            -1.812973
        ],
        [
            -0.743868,
            -0.207233,
            2.016218
        ],
        [
            -0.68815,
            -0.259319,
            -1.994981
        ],
        [
            0.694802,
            -0.259319,
            -1.994981
        ],
        [
            0.750522,
            -0.205964,
            2.017071
        ],
        [
            -0.707247,
            -1.023185,
            -1.350791
        ],
        [
            0.713902,
            -1.023185,
            -1.35079
        ]
    ]
}