{
    "car_type": "unknown",
    "name": "Bentley_Continental",
    "pts": {
        "fl wheel": 0,
        "bl wheel": 1,
        "br wheel": 2,
        "fr wheel": 3,
        "windshield tr": 4,
        "windshield tl": 5,
        "windshield bl": 6,
        "windshield br": 7,
        "rear window tl": 8,
        "rear window tr": 9,
        "rear window br": 10,
        "rear window bl": 11,
        "rearview mirror l": 12,
        "rearview mirror r": 13,
        "bottom of license fr": 14,
        "bottom of license fl": 15,
        "bottom of license bl": 16,
        "bottom of license br": 17,
        "headlight fr inner bottom": 18,
        "headlight fr outer top": 19,
        "headlight fl inner bottom": 20,
        "headlight fl outer top": 21,
        "headlight bl inner bottom": 22,
        "headlight bl outer top": 23,
        "headlight br inner bottom": 24,
        "headlight br outer top": 25,
        "bottom bumper fl": 26,
        "bottom bumper bl": 27,
        "bottom bumper br": 28,
        "bottom bumper fr": 29,
        "side window back l": 30,
        "side window back r": 31
    },
    "vertices": [
        [
            -0.88504,
            -0.348965,
            1.458377
        ],
        [
            -0.890594,
            -0.365372,
            -1.297776
        ],
        [
            0.890829,
            -0.365372,
            -1.297776
        ],
        [
            0.885278,
            -0.348965,
            1.458377
        ],
        [
            0.628935,
            -1.280013,
            0.302386
        ],
        [
            -0.6287,
            -1.280013,
            0.302386
        ],
        [
            -0.731267,
            -0.98296,
            1.023791
        ],
        [
            0.731503,
            -0.98296,
            1.023791
        ],
        [
            -0.578733,
            -1.280319,
            -0.989056
        ],
        [
            0.574887,
            -1.281748,
            -0.984532
        ],
        [
            0.46349,
            -1.08183,
            -1.822667
        ],
        [
            -0.463254,
            -1.08183,
            -1.822667
        ],
        [
            -1.051163,
            -1.066381,
            0.361808
        ],
        [
            1.041538,
            -1.073311,
            0.367828
        ],
        [
            0.256047,
            -0.411922,
            2.422736
        ],
        [
            -0.255193,
            -0.411922,
            2.422736
        ],
        [
            -0.256135,
            -0.53405,
            -2.37875
        ],
        [
            0.255097,
            -0.532504,
            -2.37614
        ],
        [
            0.468827,
            -0.626173,
            2.276833
        ],
        [
            0.79506,
            -0.756059,
            2.010382
        ],
        [
            -0.484618,
            -0.614783,
            2.27997
        ],
        [
            -0.78504,
            -0.764816,
            2.010911
        ],
        [
            -0.475946,
            -0.722632,
            -2.254712
        ],
        [
            -0.747966,
            -0.903288,
            -2.017712
        ],
        [
            0.478192,
            -0.723244,
            -2.256673
        ],
        [
            0.748579,
            -0.904357,
            -2.020185
        ],
        [
            -0.733799,
            -0.229218,
            2.124141
        ],
        [
            -0.708338,
            -0.346207,
            -2.11766
        ],
        [
            0.708574,
            -0.346207,
            -2.11766
        ],
        [
            0.741259,
            -0.238446,
            2.126241
        ],
        [
            -0.724962,
            -1.145989,
            -1.091345
        ],
        [
            0.723689,
            -1.145258,
            -1.094166
        ]
    ]
}