{
    "car_type": "unknown",
    "name": "BMW_X6",
    "pts": {
        "fl wheel": 0,
        "bl wheel": 1,
        "br wheel": 2,
        "fr wheel": 3,
        "windshield tr": 4,
        "windshield tl": 5,
        "windshield bl": 6,
        "windshield br": 7,
        "rear window tl": 8,
        "rear window tr": 9,
        "rear window br": 10,
        "rear window bl": 11,
        "rearview mirror l": 12,
        "rearview mirror r": 13,
        "bottom of license fr": 14,
        "bottom of license fl": 15,
        "bottom of license bl": 16,
        "bottom of license br": 17,
        "headlight fr inner bottom": 18,
        "headlight fr outer top": 19,
        "headlight fl inner bottom": 20,
        "headlight fl outer top": 21,
        "headlight bl inner bottom": 22,
        "headlight bl outer top": 23,
        "headlight br inner bottom": 24,
        "headlight br outer top": 25,
        "bottom bumper fl": 26,
        "bottom bumper bl": 27,
        "bottom bumper br": 28,
        "bottom bumper fr": 29,
        "side window back l": 30,
        "side window back r": 31
    },
    "vertices": [
        [
            -0.90466,
            -0.367196,
            1.649547
        ],
        [
            -0.943963,
            -0.367198,
            -1.322446
        ],
        [
            0.945757,
            -0.367198,
            -1.322446
        ],
        [
            0.906454,
            -0.367196,
            1.649547
        ],
        [
            0.614675,
            -1.574263,
            0.388034
        ],
        [
            -0.61288,
            -1.574263,
            0.388034
        ],
        [
            -0.764839,
            -1.186918,
            1.06821
        ],
        [
            0.767376,
            -1.187056,
            1.066468
        ],
        [
            -0.609264,
            -1.536396,
            -1.24307
        ],
        [
            0.61095,
            -1.536771,
            -1.242968
        ],
        [
            0.596059,
            -1.331165,
            -1.944125
        ],
        [
            -0.594264,
            -1.331165,
            -1.944125
        ],
        [
            -1.017465,
            -1.284273,
            0.613949
        ],
        [
            1.014702,
            -1.28696,
            0.61564
        ],
        [
            0.252651,
            -0.474429,
            2.52352
        ],
        [
            -0.250858,
            -0.47443,
            2.52352
        ],
        [
            -0.250857,
            -0.972511,
            -2.311082
        ],
        [
            0.252652,
            -0.972511,
            -2.311082
        ],
        [
            0.430993,
            -0.771859,
            2.443466
        ],
        [
            0.886234,
            -0.896887,
            1.967962
        ],
        [
            -0.429229,
            -0.772254,
            2.443567
        ],
        [
            -0.88444,
            -0.896888,
            1.967962
        ],
        [
            -0.458673,
            -0.998643,
            -2.300035
        ],
        [
            -0.882062,
            -1.146621,
            -1.8342
        ],
        [
            0.459576,
            -0.999324,
            -2.300723
        ],
        [
            0.883946,
            -1.14666,
            -1.834463
        ],
        [
            -0.757894,
            -0.248302,
            2.271764
        ],
        [
            -0.661396,
            -0.36793,
            -2.203688
        ],
        [
            0.663191,
            -0.36793,
            -2.203688
        ],
        [
            0.759688,
            -0.248302,
            2.271764
        ],
        [
            -0.738267,
            -1.392774,
            -1.382865
        ],
        [
            0.740062,
            -1.392774,
            -1.382865
        ]
    ]
}