{
    "car_type": "unknown",
    "name": "BMW_8",
    "pts": {
        "fl wheel": 0,
        "bl wheel": 1,
        "br wheel": 2,
        "fr wheel": 3,
        "windshield tr": 4,
        "windshield tl": 5,
        "windshield bl": 6,
        "windshield br": 7,
        "rear window tl": 8,
        "rear window tr": 9,
        "rear window br": 10,
        "rear window bl": 11,
        "rearview mirror l": 12,
        "rearview mirror r": 13,
        "bottom of license fr": 14,
        "bottom of license fl": 15,
        "bottom of license bl": 16,
        "bottom of license br": 17,
        "headlight fr inner bottom": 18,
        "headlight fr outer top": 19,
        "headlight fl inner bottom": 20,
        "headlight fl outer top": 21,
        "headlight bl inner bottom": 22,
        "headlight bl outer top": 23,
        "headlight br inner bottom": 24,
        "headlight br outer top": 25,
        "bottom bumper fl": 26,
        "bottom bumper bl": 27,
        "bottom bumper br": 28,
        "bottom bumper fr": 29,
        "side window back l": 30,
        "side window back r": 31
    },
    "vertices": [
        [
            -0.881224,
            -0.342134,
            1.459851
        ],
        [
            -0.903113,
            -0.342135,
            -1.331252
        ],
        [
            0.904649,
            -0.341432,
            -1.330542
        ],
        [
            0.882757,
            -0.341432,
            1.459143
        ],
        [
            0.598255,
            -1.2492,
            0.124624
        ],
        [
            -0.596724,
            -1.2492,
            0.124623
        ],
        [
            -0.705887,
            -0.98846,
            0.710753
        ],
        [
            0.707417,
            -0.98846,
            0.710755
        ],
        [
            -0.536014,
            -1.231507,
            -0.971349
        ],
        [
            0.537546,
            -1.231507,
            -0.971349
        ],
        [
            0.517642,
            -1.070293,
            -1.681484
        ],
        [
            -0.51611,
            -1.070293,
            -1.681485
        ],
        [
            -1.057075,
            -1.026823,
            0.391018
        ],
        [
            1.042302,
            -1.036226,
            0.424399
        ],
        [
            0.258515,
            -0.370406,
            2.398255
        ],
        [
            -0.256088,
            -0.371271,
            2.398387
        ],
        [
            -0.256085,
            -0.569407,
            -2.308728
        ],
        [
            0.258517,
            -0.568542,
            -2.308952
        ],
        [
            0.548727,
            -0.60149,
            2.247063
        ],
        [
            0.89019,
            -0.720775,
            1.76902
        ],
        [
            -0.558403,
            -0.594644,
            2.238521
        ],
        [
            -0.890438,
            -0.72173,
            1.76344
        ],
        [
            -0.302519,
            -0.820759,
            -2.276501
        ],
        [
            -0.831103,
            -0.914837,
            -1.792452
        ],
        [
            0.301911,
            -0.825791,
            -2.27856
        ],
        [
            0.834387,
            -0.915308,
            -1.785151
        ],
        [
            -0.816482,
            -0.159551,
            2.053612
        ],
        [
            -0.763509,
            -0.281526,
            -2.202924
        ],
        [
            0.766179,
            -0.281215,
            -2.199611
        ],
        [
            0.821074,
            -0.161738,
            2.048678
        ],
        [
            -0.655153,
            -1.091031,
            -1.294938
        ],
        [
            0.657702,
            -1.090667,
            -1.290034
        ]
    ]
}