{
    "car_type": "unknown",
    "name": "BMW_6",
    "pts": {
        "fl wheel": 0,
        "bl wheel": 1,
        "br wheel": 2,
        "fr wheel": 3,
        "windshield tr": 4,
        "windshield tl": 5,
        "windshield bl": 6,
        "windshield br": 7,
        "rear window tl": 8,
        "rear window tr": 9,
        "rear window br": 10,
        "rear window bl": 11,
        "rearview mirror l": 12,
        "rearview mirror r": 13,
        "bottom of license fr": 14,
        "bottom of license fl": 15,
        "bottom of license bl": 16,
        "bottom of license br": 17,
        "headlight fr inner bottom": 18,
        "headlight fr outer top": 19,
        "headlight fl inner bottom": 20,
        "headlight fl outer top": 21,
        "headlight bl inner bottom": 22,
        "headlight bl outer top": 23,
        "headlight br inner bottom": 24,
        "headlight br outer top": 25,
        "bottom bumper fl": 26,
        "bottom bumper bl": 27,
        "bottom bumper br": 28,
        "bottom bumper fr": 29,
        "side window back l": 30,
        "side window back r": 31
    },
    "vertices": [
        [
            -0.831601,
            -0.346611,
            1.233835
        ],
        [
            -0.857338,
            -0.346597,
            -1.546122
        ],
        [
            0.855655,
            -0.346597,
            -1.546123
        ],
        [
            0.83912,
            -0.346611,
            1.245977
        ],
        [
            0.592027,
            -1.285344,
            -0.066159
        ],
        [
            -0.593639,
            -1.285344,
            -0.066158
        ],
        [
            -0.722785,
            -0.961796,
            0.62109
        ],
        [
            0.722586,
            -0.961796,
            0.62109
        ],
        [
            -0.558918,
            -1.271053,
            -1.273685
        ],
        [
            0.557306,
            -1.271053,
            -1.273685
        ],
        [
            0.575805,
            -1.069652,
            -1.912217
        ],
        [
            -0.577418,
            -1.069652,
            -1.912217
        ],
        [
            -0.977927,
            -1.057839,
            0.202638
        ],
        [
            0.976315,
            -1.057839,
            0.202637
        ],
        [
            0.254277,
            -0.396506,
            2.1479
        ],
        [
            -0.258167,
            -0.396512,
            2.147833
        ],
        [
            -0.263625,
            -0.410539,
            -2.601038
        ],
        [
            0.262746,
            -0.410521,
            -2.600981
        ],
        [
            0.475606,
            -0.569502,
            2.014164
        ],
        [
            0.838458,
            -0.668916,
            1.662958
        ],
        [
            -0.477217,
            -0.569502,
            2.014165
        ],
        [
            -0.838396,
            -0.669358,
            1.663212
        ],
        [
            -0.484824,
            -0.712657,
            -2.510222
        ],
        [
            -0.806236,
            -0.802291,
            -2.123554
        ],
        [
            0.483211,
            -0.712657,
            -2.510222
        ],
        [
            0.79324,
            -0.824301,
            -2.137908
        ],
        [
            -0.785994,
            -0.196462,
            1.856521
        ],
        [
            -0.741482,
            -0.290294,
            -2.405553
        ],
        [
            0.744408,
            -0.297517,
            -2.408104
        ],
        [
            0.76871,
            -0.196471,
            1.878993
        ],
        [
            -0.712869,
            -1.079346,
            -1.547517
        ],
        [
            0.711256,
            -1.079346,
            -1.547517
        ]
    ]
}