{
    "car_type": "unknown",
    "name": "BMW_1",
    "pts": {
        "fl wheel": 0,
        "bl wheel": 1,
        "br wheel": 2,
        "fr wheel": 3,
        "windshield tr": 4,
        "windshield tl": 5,
        "windshield bl": 6,
        "windshield br": 7,
        "rear window tl": 8,
        "rear window tr": 9,
        "rear window br": 10,
        "rear window bl": 11,
        "rearview mirror l": 12,
        "rearview mirror r": 13,
        "bottom of license fr": 14,
        "bottom of license fl": 15,
        "bottom of license bl": 16,
        "bottom of license br": 17,
        "headlight fr inner bottom": 18,
        "headlight fr outer top": 19,
        "headlight fl inner bottom": 20,
        "headlight fl outer top": 21,
        "headlight bl inner bottom": 22,
        "headlight bl outer top": 23,
        "headlight br inner bottom": 24,
        "headlight br outer top": 25,
        "bottom bumper fl": 26,
        "bottom bumper bl": 27,
        "bottom bumper br": 28,
        "bottom bumper fr": 29,
        "side window back l": 30,
        "side window back r": 31
    },
    "vertices": [
        [
            -0.839127,
            -0.276844,
            1.330776
        ],
        [
            -0.856677,
            -0.276844,
            -1.327304
        ],
        [
            0.859204,
            -0.276845,
            -1.327304
        ],
        [
            0.841654,
            -0.276844,
            1.330776
        ],
        [
            0.558632,
            -1.117807,
            0.149731
        ],
        [
            -0.563729,
            -1.119149,
            0.156948
        ],
        [
            -0.712576,
            -0.818592,
            0.670192
        ],
        [
            0.715103,
            -0.818592,
            0.670192
        ],
        [
            -0.582428,
            -1.056771,
            -1.617813
        ],
        [
            0.584955,
            -1.056771,
            -1.617813
        ],
        [
            0.609499,
            -0.874196,
            -1.850802
        ],
        [
            -0.606972,
            -0.878682,
            -1.856315
        ],
        [
            -0.969043,
            -0.912218,
            0.333426
        ],
        [
            0.968664,
            -0.912218,
            0.332044
        ],
        [
            0.260888,
            -0.357212,
            2.065576
        ],
        [
            -0.258362,
            -0.357212,
            2.065576
        ],
        [
            -0.259644,
            -0.37481,
            -2.069899
        ],
        [
            0.265772,
            -0.375616,
            -2.069821
        ],
        [
            0.371223,
            -0.526063,
            1.956451
        ],
        [
            0.803117,
            -0.608664,
            1.608218
        ],
        [
            -0.368697,
            -0.526063,
            1.956451
        ],
        [
            -0.799804,
            -0.606589,
            1.611687
        ],
        [
            -0.499348,
            -0.642859,
            -2.024009
        ],
        [
            -0.71772,
            -0.802217,
            -1.72561
        ],
        [
            0.501875,
            -0.642859,
            -2.024009
        ],
        [
            0.720247,
            -0.802217,
            -1.72561
        ],
        [
            -0.734725,
            -0.183943,
            1.820101
        ],
        [
            -0.753933,
            -0.224073,
            -1.837351
        ],
        [
            0.75646,
            -0.224073,
            -1.837351
        ],
        [
            0.737252,
            -0.183943,
            1.820101
        ],
        [
            -0.666145,
            -1.018727,
            -1.388162
        ],
        [
            0.668611,
            -1.019344,
            -1.392897
        ]
    ]
}