{
    "car_type": "unknown",
    "name": "Cayenne",
    "pts": {
        "fl wheel": 0,
        "bl wheel": 1,
        "br wheel": 2,
        "fr wheel": 3,
        "windshield tr": 4,
        "windshield tl": 5,
        "windshield bl": 6,
        "windshield br": 7,
        "rear window tl": 8,
        "rear window tr": 9,
        "rear window br": 10,
        "rear window bl": 11,
        "rearview mirror l": 12,
        "rearview mirror r": 13,
        "bottom of license fr": 14,
        "bottom of license fl": 15,
        "bottom of license bl": 16,
        "bottom of license br": 17,
        "headlight fr inner bottom": 18,
        "headlight fr outer top": 19,
        "headlight fl inner bottom": 20,
        "headlight fl outer top": 21,
        "headlight bl inner bottom": 22,
        "headlight bl outer top": 23,
        "headlight br inner bottom": 24,
        "headlight br outer top": 25,
        "bottom bumper fl": 26,
        "bottom bumper bl": 27,
        "bottom bumper br": 28,
        "bottom bumper fr": 29,
        "side window back l": 30,
        "side window back r": 31
    },
    "vertices": [
        [
            -0.839182,
            -0.391189,
            1.454676
        ],
        [
            -0.839182,
            -0.391187,
            -1.440869
        ],
        [
            0.817333,
            -0.391187,
            -1.440869
        ],
        [
            0.817333,
            -0.391189,
            1.454676
        ],
        [
            0.657877,
            -1.578498,
            0.262866
        ],
        [
            -0.657888,
            -1.578498,
            0.262866
        ],
        [
            -0.792288,
            -1.172985,
            0.964732
        ],
        [
            0.792273,
            -1.172985,
            0.964732
        ],
        [
            -0.631694,
            -1.458432,
            -1.816685
        ],
        [
            0.631687,
            -1.458432,
            -1.816685
        ],
        [
            0.606474,
            -1.254461,
            -2.127699
        ],
        [
            -0.606485,
            -1.254461,
            -2.127699
        ],
        [
            -1.046325,
            -1.247063,
            0.458533
        ],
        [
            1.046311,
            -1.247063,
            0.458533
        ],
        [
            0.254537,
            -0.415056,
            2.419165
        ],
        [
            -0.253683,
            -0.415056,
            2.419165
        ],
        [
            -0.254537,
            -0.907531,
            -2.376374
        ],
        [
            0.253683,
            -0.907531,
            -2.376374
        ],
        [
            0.513002,
            -0.86648,
            2.221272
        ],
        [
            0.807213,
            -1.054198,
            1.801104
        ],
        [
            -0.516414,
            -0.861934,
            2.225092
        ],
        [
            -0.807229,
            -1.054198,
            1.801104
        ],
        [
            -0.471027,
            -0.964523,
            -2.332907
        ],
        [
            -0.906693,
            -1.063899,
            -1.849104
        ],
        [
            0.471013,
            -0.964523,
            -2.332907
        ],
        [
            0.906678,
            -1.063899,
            -1.849104
        ],
        [
            -0.908415,
            -0.295601,
            1.932618
        ],
        [
            -0.876293,
            -0.345471,
            -1.900124
        ],
        [
            0.876284,
            -0.345471,
            -1.900124
        ],
        [
            0.908401,
            -0.295601,
            1.932618
        ],
        [
            -0.736798,
            -1.301391,
            -1.6946
        ],
        [
            0.736784,
            -1.301391,
            -1.6946
        ]
    ]
}