{
    "car_type": "unknown",
    "name": "Chevrolet_Cruze_2011",
    "pts": {
        "fl wheel": 0,
        "bl wheel": 1,
        "br wheel": 2,
        "fr wheel": 3,
        "windshield tr": 4,
        "windshield tl": 5,
        "windshield bl": 6,
        "windshield br": 7,
        "rear window tl": 8,
        "rear window tr": 9,
        "rear window br": 10,
        "rear window bl": 11,
        "rearview mirror l": 12,
        "rearview mirror r": 13,
        "bottom of license fr": 14,
        "bottom of license fl": 15,
        "bottom of license bl": 16,
        "bottom of license br": 17,
        "headlight fr inner bottom": 18,
        "headlight fr outer top": 19,
        "headlight fl inner bottom": 20,
        "headlight fl outer top": 21,
        "headlight bl inner bottom": 22,
        "headlight bl outer top": 23,
        "headlight br inner bottom": 24,
        "headlight br outer top": 25,
        "bottom bumper fl": 26,
        "bottom bumper bl": 27,
        "bottom bumper br": 28,
        "bottom bumper fr": 29,
        "side window back l": 30,
        "side window back r": 31
    },
    "vertices": [
        [
            -0.858039,
            -0.347421,
            1.495769
        ],
        [
            -0.858038,
            -0.34742,
            -1.253507
        ],
        [
            0.858571,
            -0.34742,
            -1.254672
        ],
        [
            0.858571,
            -0.347421,
            1.494605
        ],
        [
            0.570187,
            -1.329626,
            0.39802
        ],
        [
            -0.569657,
            -1.326515,
            0.39194
        ],
        [
            -0.696762,
            -0.978241,
            1.09839
        ],
        [
            0.692437,
            -0.982296,
            1.102265
        ],
        [
            -0.536301,
            -1.374805,
            -1.035908
        ],
        [
            0.540891,
            -1.376944,
            -1.036972
        ],
        [
            0.624776,
            -1.097508,
            -1.63769
        ],
        [
            -0.624246,
            -1.097508,
            -1.63769
        ],
        [
            -0.934236,
            -1.040775,
            0.678026
        ],
        [
            0.917322,
            -1.059768,
            0.682386
        ],
        [
            0.258497,
            -0.365945,
            2.37507
        ],
        [
            -0.257644,
            -0.365945,
            2.375069
        ],
        [
            -0.255473,
            -0.767292,
            -2.144081
        ],
        [
            0.258497,
            -0.769659,
            -2.149081
        ],
        [
            0.497665,
            -0.593061,
            2.245368
        ],
        [
            0.758988,
            -0.847151,
            1.779143
        ],
        [
            -0.500177,
            -0.590889,
            2.245061
        ],
        [
            -0.75897,
            -0.847435,
            1.777589
        ],
        [
            -0.387619,
            -0.794735,
            -2.123995
        ],
        [
            -0.804313,
            -0.98599,
            -1.776555
        ],
        [
            0.38815,
            -0.794735,
            -2.123995
        ],
        [
            0.804844,
            -0.985958,
            -1.776555
        ],
        [
            -0.814979,
            -0.202658,
            1.972154
        ],
        [
            -0.748182,
            -0.328621,
            -2.001808
        ],
        [
            0.748713,
            -0.328589,
            -2.001808
        ],
        [
            0.781209,
            -0.205322,
            2.03711
        ],
        [
            -0.75197,
            -1.071453,
            -1.394535
        ],
        [
            0.7525,
            -1.071453,
            -1.394535
        ]
    ]
}