{
    "car_type": "unknown",
    "name": "Ford_Explorer",
    "pts": {
        "fl wheel": 0,
        "bl wheel": 1,
        "br wheel": 2,
        "fr wheel": 3,
        "windshield tr": 4,
        "windshield tl": 5,
        "windshield bl": 6,
        "windshield br": 7,
        "rear window tl": 8,
        "rear window tr": 9,
        "rear window br": 10,
        "rear window bl": 11,
        "rearview mirror l": 12,
        "rearview mirror r": 13,
        "bottom of license fr": 14,
        "bottom of license fl": 15,
        "bottom of license bl": 16,
        "bottom of license br": 17,
        "headlight fr inner bottom": 18,
        "headlight fr outer top": 19,
        "headlight fl inner bottom": 20,
        "headlight fl outer top": 21,
        "headlight bl inner bottom": 22,
        "headlight bl outer top": 23,
        "headlight br inner bottom": 24,
        "headlight br outer top": 25,
        "bottom bumper fl": 26,
        "bottom bumper bl": 27,
        "bottom bumper br": 28,
        "bottom bumper fr": 29,
        "side window back l": 30,
        "side window back r": 31
    },
    "vertices": [
        [
            -0.972385,
            -0.405863,
            1.54366
        ],
        [
            -0.972385,
            -0.405864,
            -1.317677
        ],
        [
            0.955581,
            -0.405863,
            -1.317677
        ],
        [
            0.955581,
            -0.405863,
            1.543661
        ],
        [
            0.664966,
            -1.671096,
            0.474186
        ],
        [
            -0.682581,
            -1.671096,
            0.474186
        ],
        [
            -0.838157,
            -1.220509,
            1.230982
        ],
        [
            0.820546,
            -1.220509,
            1.230982
        ],
        [
            -0.609208,
            -1.654805,
            -1.923183
        ],
        [
            0.593417,
            -1.654805,
            -1.923183
        ],
        [
            0.675014,
            -1.305343,
            -2.213508
        ],
        [
            -0.690804,
            -1.305343,
            -2.213509
        ],
        [
            -1.114607,
            -1.39663,
            0.722995
        ],
        [
            1.096997,
            -1.39663,
            0.722995
        ],
        [
            0.256047,
            -0.617848,
            2.508845
        ],
        [
            -0.255193,
            -0.617848,
            2.508845
        ],
        [
            -0.256047,
            -1.013426,
            -2.365073
        ],
        [
            0.255193,
            -1.013426,
            -2.365073
        ],
        [
            0.538005,
            -0.860585,
            2.364185
        ],
        [
            0.856776,
            -1.116311,
            1.807658
        ],
        [
            -0.555622,
            -0.860586,
            2.364185
        ],
        [
            -0.874392,
            -1.116311,
            1.807658
        ],
        [
            -0.693539,
            -0.921752,
            -2.268535
        ],
        [
            -0.872562,
            -1.243869,
            -1.888387
        ],
        [
            0.675926,
            -0.921752,
            -2.268535
        ],
        [
            0.85495,
            -1.243868,
            -1.888387
        ],
        [
            -0.711805,
            -0.284281,
            2.213377
        ],
        [
            -0.728858,
            -0.449951,
            -2.241895
        ],
        [
            0.603465,
            -0.448107,
            -2.318217
        ],
        [
            0.694194,
            -0.284281,
            2.213377
        ],
        [
            -0.805582,
            -1.312099,
            -2.050185
        ],
        [
            0.787968,
            -1.312099,
            -2.050185
        ]
    ]
}