{
    "car_type": "unknown",
    "name": "GMC_Sierra",
    "pts": {
        "fl wheel": 0,
        "bl wheel": 1,
        "br wheel": 2,
        "fr wheel": 3,
        "windshield tr": 4,
        "windshield tl": 5,
        "windshield bl": 6,
        "windshield br": 7,
        "rear window tl": 8,
        "rear window tr": 9,
        "rear window br": 10,
        "rear window bl": 11,
        "rearview mirror l": 12,
        "rearview mirror r": 13,
        "bottom of license fr": 14,
        "bottom of license fl": 15,
        "bottom of license bl": 16,
        "bottom of license br": 17,
        "headlight fr inner bottom": 18,
        "headlight fr outer top": 19,
        "headlight fl inner bottom": 20,
        "headlight fl outer top": 21,
        "headlight bl inner bottom": 22,
        "headlight bl outer top": 23,
        "headlight br inner bottom": 24,
        "headlight br outer top": 25,
        "bottom bumper fl": 26,
        "bottom bumper bl": 27,
        "bottom bumper br": 28,
        "bottom bumper fr": 29,
        "side window back l": 30,
        "side window back r": 31
    },
    "vertices": [
        [
            -0.965182,
            -0.37031,
            1.711553
        ],
        [
            -0.976726,
            -0.370311,
            -1.89063
        ],
        [
            0.959865,
            -0.365766,
            -1.895126
        ],
        [
            0.97141,
            -0.365765,
            1.707057
        ],
        [
            0.639278,
            -1.561819,
            0.649678
        ],
        [
            -0.637146,
            -1.561799,
            0.654366
        ],
        [
            -0.790429,
            -1.18402,
            1.305398
        ],
        [
            0.795689,
            -1.184043,
            1.29957
        ],
        [
            -0.643739,
            -1.518407,
            -0.903533
        ],
        [
            0.632322,
            -1.518235,
            -0.909073
        ],
        [
            0.785825,
            -1.168538,
            -0.954342
        ],
        [
            -0.798968,
            -1.16875,
            -0.947459
        ],
        [
            -1.135637,
            -1.272768,
            0.87436
        ],
        [
            1.109141,
            -1.288107,
            0.873028
        ],
        [
            0.237084,
            -0.480362,
            2.589856
        ],
        [
            -0.238095,
            -0.483362,
            2.589856
        ],
        [
            -0.237575,
            -0.566983,
            -3.163047
        ],
        [
            0.236301,
            -0.566983,
            -3.163047
        ],
        [
            0.550037,
            -0.781311,
            2.493707
        ],
        [
            0.918942,
            -1.000945,
            2.265366
        ],
        [
            -0.536289,
            -0.781294,
            2.4977
        ],
        [
            -0.908408,
            -1.000946,
            2.272314
        ],
        [
            -0.82785,
            -0.746993,
            -3.042503
        ],
        [
            -0.955324,
            -1.027374,
            -2.866017
        ],
        [
            0.806922,
            -0.746993,
            -3.048717
        ],
        [
            0.935606,
            -1.027403,
            -2.872952
        ],
        [
            -0.884912,
            -0.28917,
            2.250006
        ],
        [
            -0.892196,
            -0.483351,
            -3.019655
        ],
        [
            0.861332,
            -0.483378,
            -3.026105
        ],
        [
            0.897637,
            -0.288593,
            2.271981
        ],
        [
            -0.865866,
            -1.212213,
            -0.74676
        ],
        [
            0.86551,
            -1.188993,
            -0.735857
        ]
    ]
}