{
    "car_type": "unknown",
    "name": "Granta_2018",
    "pts": {
        "fl wheel": 0,
        "bl wheel": 1,
        "br wheel": 2,
        "fr wheel": 3,
        "windshield tr": 4,
        "windshield tl": 5,
        "windshield bl": 6,
        "windshield br": 7,
        "rear window tl": 8,
        "rear window tr": 9,
        "rear window br": 10,
        "rear window bl": 11,
        "rearview mirror l": 12,
        "rearview mirror r": 13,
        "bottom of license fr": 14,
        "bottom of license fl": 15,
        "bottom of license bl": 16,
        "bottom of license br": 17,
        "headlight fr inner bottom": 18,
        "headlight fr outer top": 19,
        "headlight fl inner bottom": 20,
        "headlight fl outer top": 21,
        "headlight bl inner bottom": 22,
        "headlight bl outer top": 23,
        "headlight br inner bottom": 24,
        "headlight br outer top": 25,
        "bottom bumper fl": 26,
        "bottom bumper bl": 27,
        "bottom bumper br": 28,
        "bottom bumper fr": 29,
        "side window back l": 30,
        "side window back r": 31
    },
    "vertices": [
        [
            -0.799616,
            -0.289584,
            1.355647
        ],
        [
            -0.789968,
            -0.289584,
            -1.148783
        ],
        [
            0.782247,
            -0.289581,
            -1.148783
        ],
        [
            0.810023,
            -0.289584,
            1.355647
        ],
        [
            0.578574,
            -1.284711,
            0.327854
        ],
        [
            -0.560431,
            -1.286191,
            0.332995
        ],
        [
            -0.674009,
            -0.906617,
            1.052945
        ],
        [
            0.684652,
            -0.906616,
            1.052945
        ],
        [
            -0.539344,
            -1.277701,
            -1.029208
        ],
        [
            0.546044,
            -1.277709,
            -1.031931
        ],
        [
            0.605004,
            -1.003838,
            -1.477728
        ],
        [
            -0.60341,
            -1.003838,
            -1.477728
        ],
        [
            -0.977994,
            -0.931203,
            0.623583
        ],
        [
            0.98534,
            -0.934278,
            0.624949
        ],
        [
            0.253114,
            -0.338513,
            2.109484
        ],
        [
            -0.233449,
            -0.338513,
            2.109484
        ],
        [
            -0.2422,
            -0.641977,
            -2.053619
        ],
        [
            0.244363,
            -0.641977,
            -2.053619
        ],
        [
            0.483035,
            -0.540217,
            2.061463
        ],
        [
            0.723279,
            -0.728269,
            1.714211
        ],
        [
            -0.472395,
            -0.540218,
            2.061463
        ],
        [
            -0.711253,
            -0.729291,
            1.713105
        ],
        [
            -0.491684,
            -0.592781,
            -2.027914
        ],
        [
            -0.713065,
            -0.839719,
            -1.740333
        ],
        [
            0.490822,
            -0.592866,
            -2.030463
        ],
        [
            0.714223,
            -0.844845,
            -1.743482
        ],
        [
            -0.611812,
            -0.185187,
            1.94762
        ],
        [
            -0.59621,
            -0.191161,
            -1.971603
        ],
        [
            0.596417,
            -0.191243,
            -1.971694
        ],
        [
            0.622455,
            -0.185187,
            1.94762
        ],
        [
            -0.701526,
            -0.960984,
            -1.305663
        ],
        [
            0.707364,
            -0.960984,
            -1.30919
        ]
    ]
}