{
    "car_type": "unknown",
    "name": "Honda_Accord",
    "pts": {
        "fl wheel": 0,
        "bl wheel": 1,
        "br wheel": 2,
        "fr wheel": 3,
        "windshield tr": 4,
        "windshield tl": 5,
        "windshield bl": 6,
        "windshield br": 7,
        "rear window tl": 8,
        "rear window tr": 9,
        "rear window br": 10,
        "rear window bl": 11,
        "rearview mirror l": 12,
        "rearview mirror r": 13,
        "bottom of license fr": 14,
        "bottom of license fl": 15,
        "bottom of license bl": 16,
        "bottom of license br": 17,
        "headlight fr inner bottom": 18,
        "headlight fr outer top": 19,
        "headlight fl inner bottom": 20,
        "headlight fl outer top": 21,
        "headlight bl inner bottom": 22,
        "headlight bl outer top": 23,
        "headlight br inner bottom": 24,
        "headlight br outer top": 25,
        "bottom bumper fl": 26,
        "bottom bumper bl": 27,
        "bottom bumper br": 28,
        "bottom bumper fr": 29,
        "side window back l": 30,
        "side window back r": 31
    },
    "vertices": [
        [
            -0.881845,
            -0.335035,
            1.603055
        ],
        [
            -0.881844,
            -0.335035,
            -1.193734
        ],
        [
            0.881941,
            -0.335036,
            -1.193734
        ],
        [
            0.881941,
            -0.335036,
            1.603055
        ],
        [
            0.585741,
            -1.363024,
            0.463862
        ],
        [
            -0.588777,
            -1.363024,
            0.463862
        ],
        [
            -0.750309,
            -0.988572,
            1.221392
        ],
        [
            0.747271,
            -0.988573,
            1.221392
        ],
        [
            -0.5606,
            -1.383709,
            -0.920691
        ],
        [
            0.557561,
            -1.38371,
            -0.92069
        ],
        [
            0.614134,
            -1.095524,
            -1.56426
        ],
        [
            -0.617177,
            -1.095524,
            -1.56426
        ],
        [
            -1.039475,
            -1.076904,
            0.758119
        ],
        [
            1.036435,
            -1.076905,
            0.758119
        ],
        [
            0.256047,
            -0.452436,
            2.597943
        ],
        [
            -0.255193,
            -0.452436,
            2.597943
        ],
        [
            -0.248117,
            -0.831334,
            -2.189085
        ],
        [
            0.240905,
            -0.831334,
            -2.189085
        ],
        [
            0.482434,
            -0.626157,
            2.433774
        ],
        [
            0.823853,
            -0.824184,
            1.828549
        ],
        [
            -0.485475,
            -0.626157,
            2.433774
        ],
        [
            -0.826888,
            -0.824183,
            1.828549
        ],
        [
            -0.533221,
            -0.777236,
            -2.166873
        ],
        [
            -0.78441,
            -0.967942,
            -1.710475
        ],
        [
            0.530186,
            -0.777236,
            -2.166873
        ],
        [
            0.78137,
            -0.967943,
            -1.710475
        ],
        [
            -0.805912,
            -0.234616,
            2.214061
        ],
        [
            -0.705912,
            -0.353913,
            -2.122738
        ],
        [
            0.702876,
            -0.353913,
            -2.122738
        ],
        [
            0.802874,
            -0.234616,
            2.214061
        ],
        [
            -0.687437,
            -1.216604,
            -1.128106
        ],
        [
            0.676326,
            -1.215556,
            -1.131154
        ]
    ]
}