{
    "car_type": "unknown",
    "name": "Honda_Fit",
    "pts": {
        "fl wheel": 0,
        "bl wheel": 1,
        "br wheel": 2,
        "fr wheel": 3,
        "windshield tr": 4,
        "windshield tl": 5,
        "windshield bl": 6,
        "windshield br": 7,
        "rear window tl": 8,
        "rear window tr": 9,
        "rear window br": 10,
        "rear window bl": 11,
        "rearview mirror l": 12,
        "rearview mirror r": 13,
        "bottom of license fr": 14,
        "bottom of license fl": 15,
        "bottom of license bl": 16,
        "bottom of license br": 17,
        "headlight fr inner bottom": 18,
        "headlight fr outer top": 19,
        "headlight fl inner bottom": 20,
        "headlight fl outer top": 21,
        "headlight bl inner bottom": 22,
        "headlight bl outer top": 23,
        "headlight br inner bottom": 24,
        "headlight br outer top": 25,
        "bottom bumper fl": 26,
        "bottom bumper bl": 27,
        "bottom bumper br": 28,
        "bottom bumper fr": 29,
        "side window back l": 30,
        "side window back r": 31
    },
    "vertices": [
        [
            -0.702252,
            -0.326536,
            0.995693
        ],
        [
            -0.702252,
            -0.343589,
            -1.430769
        ],
        [
            0.698147,
            -0.343589,
            -1.430769
        ],
        [
            0.698147,
            -0.326536,
            0.995693
        ],
        [
            0.426107,
            -1.353877,
            0.28722
        ],
        [
            -0.427197,
            -1.353877,
            0.28722
        ],
        [
            -0.487018,
            -1.042177,
            0.961515
        ],
        [
            0.489118,
            -1.045178,
            0.954167
        ],
        [
            -0.319142,
            -1.340522,
            -1.77289
        ],
        [
            0.317767,
            -1.340522,
            -1.77289
        ],
        [
            0.433244,
            -1.135921,
            -1.864199
        ],
        [
            -0.434619,
            -1.135921,
            -1.864199
        ],
        [
            -0.83224,
            -1.133329,
            0.437061
        ],
        [
            0.832511,
            -1.133266,
            0.444453
        ],
        [
            0.265181,
            -0.436493,
            1.762179
        ],
        [
            -0.286519,
            -0.435418,
            1.749701
        ],
        [
            -0.256083,
            -0.798149,
            -1.970683
        ],
        [
            0.255717,
            -0.798149,
            -1.970683
        ],
        [
            0.368985,
            -0.652602,
            1.67878
        ],
        [
            0.589229,
            -0.935593,
            1.220806
        ],
        [
            -0.37534,
            -0.658553,
            1.673805
        ],
        [
            -0.59042,
            -0.935593,
            1.220806
        ],
        [
            -0.430065,
            -0.794062,
            -1.922683
        ],
        [
            -0.627598,
            -0.990842,
            -1.641627
        ],
        [
            0.436587,
            -0.800995,
            -1.918944
        ],
        [
            0.626299,
            -0.991088,
            -1.644793
        ],
        [
            -0.64353,
            -0.205396,
            1.535679
        ],
        [
            -0.655919,
            -0.332827,
            -1.906645
        ],
        [
            0.652252,
            -0.329364,
            -1.906027
        ],
        [
            0.660893,
            -0.215942,
            1.516611
        ],
        [
            -0.476823,
            -1.31111,
            -1.583887
        ],
        [
            0.468263,
            -1.328626,
            -1.576657
        ]
    ]
}