{
    "car_type": "unknown",
    "name": "Jeep_Compass",
    "pts": {
        "fl wheel": 0,
        "bl wheel": 1,
        "br wheel": 2,
        "fr wheel": 3,
        "windshield tr": 4,
        "windshield tl": 5,
        "windshield bl": 6,
        "windshield br": 7,
        "rear window tl": 8,
        "rear window tr": 9,
        "rear window br": 10,
        "rear window bl": 11,
        "rearview mirror l": 12,
        "rearview mirror r": 13,
        "bottom of license fr": 14,
        "bottom of license fl": 15,
        "bottom of license bl": 16,
        "bottom of license br": 17,
        "headlight fr inner bottom": 18,
        "headlight fr outer top": 19,
        "headlight fl inner bottom": 20,
        "headlight fl outer top": 21,
        "headlight bl inner bottom": 22,
        "headlight bl outer top": 23,
        "headlight br inner bottom": 24,
        "headlight br outer top": 25,
        "bottom bumper fl": 26,
        "bottom bumper bl": 27,
        "bottom bumper br": 28,
        "bottom bumper fr": 29,
        "side window back l": 30,
        "side window back r": 31
    },
    "vertices": [
        [
            -0.905304,
            -0.358517,
            0.831985
        ],
        [
            -0.905246,
            -0.354843,
            -1.787976
        ],
        [
            0.85842,
            -0.356204,
            -1.77584
        ],
        [
            0.857631,
            -0.358537,
            0.846642
        ],
        [
            0.592284,
            -1.528603,
            -0.191904
        ],
        [
            -0.64481,
            -1.526143,
            -0.196545
        ],
        [
            -0.766035,
            -1.140871,
            0.519375
        ],
        [
            0.721142,
            -1.14918,
            0.482219
        ],
        [
            -0.576431,
            -1.471786,
            -2.195408
        ],
        [
            0.6036,
            -1.437998,
            -2.072849
        ],
        [
            0.646665,
            -1.239835,
            -2.297241
        ],
        [
            -0.669396,
            -1.237336,
            -2.316113
        ],
        [
            -1.038035,
            -1.23692,
            0.061735
        ],
        [
            0.987368,
            -1.253745,
            0.06979
        ],
        [
            0.225161,
            -0.506822,
            1.764277
        ],
        [
            -0.258454,
            -0.51367,
            1.764267
        ],
        [
            -0.235998,
            -0.919114,
            -2.532305
        ],
        [
            0.205039,
            -0.918579,
            -2.531656
        ],
        [
            0.5263,
            -0.870761,
            1.630608
        ],
        [
            0.819435,
            -0.972464,
            1.208409
        ],
        [
            -0.555127,
            -0.873486,
            1.633388
        ],
        [
            -0.854553,
            -0.971787,
            1.195207
        ],
        [
            -0.470244,
            -1.022861,
            -2.529455
        ],
        [
            -0.830141,
            -1.099902,
            -2.162018
        ],
        [
            0.444723,
            -1.026349,
            -2.529445
        ],
        [
            0.798677,
            -1.099902,
            -2.162018
        ],
        [
            -0.754369,
            -0.275883,
            1.439267
        ],
        [
            -0.78839,
            -0.377575,
            -2.367229
        ],
        [
            0.756927,
            -0.377575,
            -2.367229
        ],
        [
            0.718146,
            -0.281395,
            1.455848
        ],
        [
            -0.748853,
            -1.288472,
            -1.787976
        ],
        [
            0.717115,
            -1.289213,
            -1.786083
        ]
    ]
}