{
    "car_type": "unknown",
    "name": "Maserati_Granturismo",
    "pts": {
        "fl wheel": 0,
        "bl wheel": 1,
        "br wheel": 2,
        "fr wheel": 3,
        "windshield tr": 4,
        "windshield tl": 5,
        "windshield bl": 6,
        "windshield br": 7,
        "rear window tl": 8,
        "rear window tr": 9,
        "rear window br": 10,
        "rear window bl": 11,
        "rearview mirror l": 12,
        "rearview mirror r": 13,
        "bottom of license fr": 14,
        "bottom of license fl": 15,
        "bottom of license bl": 16,
        "bottom of license br": 17,
        "headlight fr inner bottom": 18,
        "headlight fr outer top": 19,
        "headlight fl inner bottom": 20,
        "headlight fl outer top": 21,
        "headlight bl inner bottom": 22,
        "headlight bl outer top": 23,
        "headlight br inner bottom": 24,
        "headlight br outer top": 25,
        "bottom bumper fl": 26,
        "bottom bumper bl": 27,
        "bottom bumper br": 28,
        "bottom bumper fr": 29,
        "side window back l": 30,
        "side window back r": 31
    },
    "vertices": [
        [
            -0.881949,
            -0.346152,
            1.564531
        ],
        [
            -0.903646,
            -0.346152,
            -1.357497
        ],
        [
            0.903624,
            -0.346152,
            -1.357497
        ],
        [
            0.881928,
            -0.346152,
            1.564531
        ],
        [
            0.558404,
            -1.233584,
            0.139041
        ],
        [
            -0.556664,
            -1.235565,
            0.14237
        ],
        [
            -0.701975,
            -0.897584,
            0.836512
        ],
        [
            0.687756,
            -0.891102,
            0.861425
        ],
        [
            -0.481007,
            -1.236199,
            -1.111526
        ],
        [
            0.480986,
            -1.236199,
            -1.111526
        ],
        [
            0.544119,
            -1.007604,
            -1.657158
        ],
        [
            -0.54414,
            -1.007604,
            -1.657158
        ],
        [
            -0.979376,
            -0.997883,
            0.351321
        ],
        [
            0.987376,
            -0.978255,
            0.345654
        ],
        [
            0.258497,
            -0.148608,
            2.485178
        ],
        [
            -0.255473,
            -0.146251,
            2.485178
        ],
        [
            -0.258497,
            -0.677879,
            -2.319873
        ],
        [
            0.255473,
            -0.675522,
            -2.319873
        ],
        [
            0.508232,
            -0.559515,
            2.304754
        ],
        [
            0.857141,
            -0.700594,
            1.867238
        ],
        [
            -0.517514,
            -0.555731,
            2.322204
        ],
        [
            -0.855579,
            -0.709327,
            1.861935
        ],
        [
            -0.485329,
            -0.730666,
            -2.277819
        ],
        [
            -0.791122,
            -0.834655,
            -1.951752
        ],
        [
            0.488215,
            -0.734268,
            -2.28043
        ],
        [
            0.796742,
            -0.825111,
            -1.944713
        ],
        [
            -0.826657,
            -0.138971,
            2.006301
        ],
        [
            -0.805143,
            -0.176966,
            -1.881944
        ],
        [
            0.805118,
            -0.176966,
            -1.881939
        ],
        [
            0.829631,
            -0.143833,
            2.007111
        ],
        [
            -0.628614,
            -1.119427,
            -1.030841
        ],
        [
            0.623565,
            -1.115554,
            -1.022387
        ]
    ]
}