{
    "car_type": "unknown",
    "name": "Mazda_6",
    "pts": {
        "fl wheel": 0,
        "bl wheel": 1,
        "br wheel": 2,
        "fr wheel": 3,
        "windshield tr": 4,
        "windshield tl": 5,
        "windshield bl": 6,
        "windshield br": 7,
        "rear window tl": 8,
        "rear window tr": 9,
        "rear window br": 10,
        "rear window bl": 11,
        "rearview mirror l": 12,
        "rearview mirror r": 13,
        "bottom of license fr": 14,
        "bottom of license fl": 15,
        "bottom of license bl": 16,
        "bottom of license br": 17,
        "headlight fr inner bottom": 18,
        "headlight fr outer top": 19,
        "headlight fl inner bottom": 20,
        "headlight fl outer top": 21,
        "headlight bl inner bottom": 22,
        "headlight bl outer top": 23,
        "headlight br inner bottom": 24,
        "headlight br outer top": 25,
        "bottom bumper fl": 26,
        "bottom bumper bl": 27,
        "bottom bumper br": 28,
        "bottom bumper fr": 29,
        "side window back l": 30,
        "side window back r": 31
    },
    "vertices": [
        [
            -0.885803,
            -0.333659,
            1.415353
        ],
        [
            -0.886829,
            -0.33366,
            -1.272347
        ],
        [
            0.885647,
            -0.333682,
            -1.273759
        ],
        [
            0.886229,
            -0.333659,
            1.42454
        ],
        [
            0.566123,
            -1.332055,
            0.30026
        ],
        [
            -0.568044,
            -1.332054,
            0.300141
        ],
        [
            -0.649577,
            -0.95063,
            1.067217
        ],
        [
            0.647818,
            -0.95063,
            1.067354
        ],
        [
            -0.557706,
            -1.313494,
            -1.151057
        ],
        [
            0.555477,
            -1.313494,
            -1.150941
        ],
        [
            0.63827,
            -1.083349,
            -1.773942
        ],
        [
            -0.64063,
            -1.083349,
            -1.774075
        ],
        [
            -0.954054,
            -1.081487,
            0.611075
        ],
        [
            0.952198,
            -1.081487,
            0.611273
        ],
        [
            0.253898,
            -0.387552,
            2.354496
        ],
        [
            -0.254303,
            -0.387552,
            2.350061
        ],
        [
            -0.253205,
            -0.451658,
            -2.281179
        ],
        [
            0.254995,
            -0.451658,
            -2.276744
        ],
        [
            0.46645,
            -0.606291,
            2.194961
        ],
        [
            0.814056,
            -0.799114,
            1.685695
        ],
        [
            -0.467972,
            -0.606291,
            2.194865
        ],
        [
            -0.81777,
            -0.800398,
            1.684855
        ],
        [
            -0.372347,
            -0.787095,
            -2.211401
        ],
        [
            -0.784452,
            -0.954996,
            -1.777155
        ],
        [
            0.369895,
            -0.787095,
            -2.211326
        ],
        [
            0.782092,
            -0.954996,
            -1.776992
        ],
        [
            -0.768071,
            -0.210753,
            2.056022
        ],
        [
            -0.766342,
            -0.258541,
            -1.961014
        ],
        [
            0.762769,
            -0.262376,
            -1.973478
        ],
        [
            0.764759,
            -0.205992,
            2.054356
        ],
        [
            -0.70229,
            -1.126701,
            -1.370445
        ],
        [
            0.699651,
            -1.126701,
            -1.370299
        ]
    ]
}