{
    "car_type": "unknown",
    "name": "Mazda_6_Sport_2008",
    "pts": {
        "fl wheel": 0,
        "bl wheel": 1,
        "br wheel": 2,
        "fr wheel": 3,
        "windshield tr": 4,
        "windshield tl": 5,
        "windshield bl": 6,
        "windshield br": 7,
        "rear window tl": 8,
        "rear window tr": 9,
        "rear window br": 10,
        "rear window bl": 11,
        "rearview mirror l": 12,
        "rearview mirror r": 13,
        "bottom of license fr": 14,
        "bottom of license fl": 15,
        "bottom of license bl": 16,
        "bottom of license br": 17,
        "headlight fr inner bottom": 18,
        "headlight fr outer top": 19,
        "headlight fl inner bottom": 20,
        "headlight fl outer top": 21,
        "headlight bl inner bottom": 22,
        "headlight bl outer top": 23,
        "headlight br inner bottom": 24,
        "headlight br outer top": 25,
        "bottom bumper fl": 26,
        "bottom bumper bl": 27,
        "bottom bumper br": 28,
        "bottom bumper fr": 29,
        "side window back l": 30,
        "side window back r": 31
    },
    "vertices": [
        [
            -0.867974,
            -0.329711,
            1.525803
        ],
        [
            -0.867974,
            -0.329711,
            -1.209889
        ],
        [
            0.871069,
            -0.329712,
            -1.209889
        ],
        [
            0.87107,
            -0.329712,
            1.525802
        ],
        [
            0.572891,
            -1.33499,
            0.410451
        ],
        [
            -0.569796,
            -1.33499,
            0.410451
        ],
        [
            -0.662544,
            -0.978871,
            1.23445
        ],
        [
            0.665642,
            -0.978871,
            1.23445
        ],
        [
            -0.551136,
            -1.351732,
            -0.925663
        ],
        [
            0.554228,
            -1.351732,
            -0.925663
        ],
        [
            0.659854,
            -1.062401,
            -1.632806
        ],
        [
            -0.656819,
            -1.0624,
            -1.632806
        ],
        [
            -0.956044,
            -1.074837,
            0.645718
        ],
        [
            0.95914,
            -1.074838,
            0.645718
        ],
        [
            0.252922,
            -0.39516,
            2.497794
        ],
        [
            -0.249276,
            -0.39516,
            2.497794
        ],
        [
            -0.249276,
            -0.46016,
            -2.254622
        ],
        [
            0.252922,
            -0.46016,
            -2.254622
        ],
        [
            0.468308,
            -0.601557,
            2.35115
        ],
        [
            0.810164,
            -0.800066,
            1.814271
        ],
        [
            -0.465212,
            -0.601557,
            2.35115
        ],
        [
            -0.807069,
            -0.800063,
            1.814271
        ],
        [
            -0.339532,
            -0.786297,
            -2.179197
        ],
        [
            -0.796058,
            -0.959742,
            -1.739815
        ],
        [
            0.342627,
            -0.786297,
            -2.179197
        ],
        [
            0.799154,
            -0.959742,
            -1.739818
        ],
        [
            -0.734348,
            -0.203843,
            2.201578
        ],
        [
            -0.632888,
            -0.255494,
            -2.101607
        ],
        [
            0.635984,
            -0.255494,
            -2.101607
        ],
        [
            0.737444,
            -0.203843,
            2.201576
        ],
        [
            -0.718229,
            -1.114649,
            -1.232073
        ],
        [
            0.721324,
            -1.11465,
            -1.232073
        ]
    ]
}