{
    "car_type": "unknown",
    "name": "Mercedes-AMG_G63",
    "pts": {
        "fl wheel": 0,
        "bl wheel": 1,
        "br wheel": 2,
        "fr wheel": 3,
        "windshield tr": 4,
        "windshield tl": 5,
        "windshield bl": 6,
        "windshield br": 7,
        "rear window tl": 8,
        "rear window tr": 9,
        "rear window br": 10,
        "rear window bl": 11,
        "rearview mirror l": 12,
        "rearview mirror r": 13,
        "bottom of license fr": 14,
        "bottom of license fl": 15,
        "bottom of license bl": 16,
        "bottom of license br": 17,
        "headlight fr inner bottom": 18,
        "headlight fr outer top": 19,
        "headlight fl inner bottom": 20,
        "headlight fl outer top": 21,
        "headlight bl inner bottom": 22,
        "headlight bl outer top": 23,
        "headlight br inner bottom": 24,
        "headlight br outer top": 25,
        "bottom bumper fl": 26,
        "bottom bumper bl": 27,
        "bottom bumper br": 28,
        "bottom bumper fr": 29,
        "side window back l": 30,
        "side window back r": 31
    },
    "vertices": [
        [
            -0.902092,
            -0.374587,
            1.716916
        ],
        [
            -0.92368,
            -0.374588,
            -1.161585
        ],
        [
            0.932855,
            -0.374588,
            -1.164705
        ],
        [
            0.921825,
            -0.374591,
            1.806245
        ],
        [
            0.761335,
            -1.791334,
            0.781402
        ],
        [
            -0.750034,
            -1.791334,
            0.781402
        ],
        [
            -0.820632,
            -1.344571,
            1.04111
        ],
        [
            0.823757,
            -1.354165,
            1.040987
        ],
        [
            -0.529856,
            -1.728406,
            -1.797947
        ],
        [
            0.541155,
            -1.728403,
            -1.797947
        ],
        [
            0.517094,
            -1.270477,
            -1.888226
        ],
        [
            -0.514231,
            -1.282717,
            -1.873635
        ],
        [
            -1.224007,
            -1.313873,
            0.846451
        ],
        [
            1.244802,
            -1.313873,
            0.846452
        ],
        [
            0.277792,
            -0.575929,
            2.544611
        ],
        [
            -0.268719,
            -0.577506,
            2.542778
        ],
        [
            -0.260021,
            -0.443909,
            -1.94085
        ],
        [
            0.25754,
            -0.440909,
            -1.94085
        ],
        [
            0.542855,
            -0.784268,
            2.458154
        ],
        [
            0.807706,
            -0.982292,
            2.387651
        ],
        [
            -0.54554,
            -0.774664,
            2.451697
        ],
        [
            -0.796407,
            -0.982292,
            2.387651
        ],
        [
            -0.625204,
            -0.625298,
            -1.952476
        ],
        [
            -0.884796,
            -0.728982,
            -1.942185
        ],
        [
            0.636504,
            -0.625298,
            -1.952476
        ],
        [
            0.896096,
            -0.728982,
            -1.942184
        ],
        [
            -0.913621,
            -0.357947,
            2.359679
        ],
        [
            -0.899567,
            -0.421252,
            -1.956515
        ],
        [
            0.910867,
            -0.421252,
            -1.956515
        ],
        [
            0.917189,
            -0.357947,
            2.367341
        ],
        [
            -0.890248,
            -1.284394,
            -1.70647
        ],
        [
            0.901553,
            -1.284394,
            -1.70647
        ]
    ]
}