{
    "car_type": "unknown",
    "name": "Mercedes-Benz_EQE_AMG",
    "pts": {
        "fl wheel": 0,
        "bl wheel": 1,
        "br wheel": 2,
        "fr wheel": 3,
        "windshield tr": 4,
        "windshield tl": 5,
        "windshield bl": 6,
        "windshield br": 7,
        "rear window tl": 8,
        "rear window tr": 9,
        "rear window br": 10,
        "rear window bl": 11,
        "rearview mirror l": 12,
        "rearview mirror r": 13,
        "bottom of license fr": 14,
        "bottom of license fl": 15,
        "bottom of license bl": 16,
        "bottom of license br": 17,
        "headlight fr inner bottom": 18,
        "headlight fr outer top": 19,
        "headlight fl inner bottom": 20,
        "headlight fl outer top": 21,
        "headlight bl inner bottom": 22,
        "headlight bl outer top": 23,
        "headlight br inner bottom": 24,
        "headlight br outer top": 25,
        "bottom bumper fl": 26,
        "bottom bumper bl": 27,
        "bottom bumper br": 28,
        "bottom bumper fr": 29,
        "side window back l": 30,
        "side window back r": 31
    },
    "vertices": [
        [
            -0.93612,
            -0.368538,
            1.666054
        ],
        [
            -0.936101,
            -0.368604,
            -1.428543
        ],
        [
            0.936859,
            -0.369183,
            -1.429117
        ],
        [
            0.937151,
            -0.368604,
            1.66637
        ],
        [
            0.605211,
            -1.396205,
            0.335425
        ],
        [
            -0.613117,
            -1.395279,
            0.33077
        ],
        [
            -0.73739,
            -1.05125,
            1.2648
        ],
        [
            0.738437,
            -1.05125,
            1.2648
        ],
        [
            -0.585291,
            -1.358112,
            -1.142138
        ],
        [
            0.586396,
            -1.358542,
            -1.140442
        ],
        [
            0.579445,
            -1.149895,
            -1.719311
        ],
        [
            -0.57852,
            -1.149474,
            -1.720669
        ],
        [
            -1.032847,
            -1.082404,
            0.647926
        ],
        [
            1.033902,
            -1.082405,
            0.647927
        ],
        [
            0.231174,
            -0.352466,
            2.560475
        ],
        [
            -0.232575,
            -0.3534,
            2.561736
        ],
        [
            -0.224155,
            -0.438788,
            -2.344335
        ],
        [
            0.22447,
            -0.43912,
            -2.343178
        ],
        [
            0.461204,
            -0.661928,
            2.426954
        ],
        [
            0.905045,
            -0.78456,
            1.986554
        ],
        [
            -0.438463,
            -0.680013,
            2.421075
        ],
        [
            -0.901253,
            -0.783925,
            1.9876
        ],
        [
            -0.542131,
            -0.880226,
            -2.220407
        ],
        [
            -0.810311,
            -0.962122,
            -1.875556
        ],
        [
            0.541713,
            -0.880587,
            -2.220774
        ],
        [
            0.820361,
            -0.951918,
            -1.869623
        ],
        [
            -0.843069,
            -0.188215,
            2.332908
        ],
        [
            -0.768065,
            -0.242861,
            -2.021374
        ],
        [
            0.785366,
            -0.238124,
            -1.982383
        ],
        [
            0.848074,
            -0.194003,
            2.336853
        ],
        [
            -0.708851,
            -1.098386,
            -1.592265
        ],
        [
            0.710968,
            -1.099908,
            -1.587932
        ]
    ]
}