{
    "car_type": "unknown",
    "name": "Mini_Cooper_S_Mk1",
    "pts": {
        "fl wheel": 0,
        "bl wheel": 1,
        "br wheel": 2,
        "fr wheel": 3,
        "windshield tr": 4,
        "windshield tl": 5,
        "windshield bl": 6,
        "windshield br": 7,
        "rear window tl": 8,
        "rear window tr": 9,
        "rear window br": 10,
        "rear window bl": 11,
        "rearview mirror l": 12,
        "rearview mirror r": 13,
        "bottom of license fr": 14,
        "bottom of license fl": 15,
        "bottom of license bl": 16,
        "bottom of license br": 17,
        "headlight fr inner bottom": 18,
        "headlight fr outer top": 19,
        "headlight fl inner bottom": 20,
        "headlight fl outer top": 21,
        "headlight bl inner bottom": 22,
        "headlight bl outer top": 23,
        "headlight br inner bottom": 24,
        "headlight br outer top": 25,
        "bottom bumper fl": 26,
        "bottom bumper bl": 27,
        "bottom bumper br": 28,
        "bottom bumper fr": 29,
        "side window back l": 30,
        "side window back r": 31
    },
    "vertices": [
        [
            -0.846727,
            -0.293661,
            1.345196
        ],
        [
            -0.846727,
            -0.293661,
            -1.289762
        ],
        [
            0.837648,
            -0.293661,
            -1.289762
        ],
        [
            0.837648,
            -0.293661,
            1.345196
        ],
        [
            0.540077,
            -1.309942,
            0.379942
        ],
        [
            -0.541404,
            -1.309943,
            0.379942
        ],
        [
            -0.708944,
            -0.890862,
            0.785983
        ],
        [
            0.707615,
            -0.890862,
            0.785983
        ],
        [
            -0.486914,
            -1.290553,
            -1.34946
        ],
        [
            0.485576,
            -1.290553,
            -1.34946
        ],
        [
            0.567673,
            -0.940627,
            -1.576826
        ],
        [
            -0.57044,
            -0.940511,
            -1.577925
        ],
        [
            -0.959684,
            -0.985267,
            0.370169
        ],
        [
            0.949014,
            -0.985266,
            0.370169
        ],
        [
            0.256047,
            -0.223689,
            1.886784
        ],
        [
            -0.255193,
            -0.223689,
            1.886784
        ],
        [
            -0.256047,
            -0.656452,
            -1.764102
        ],
        [
            0.255193,
            -0.656453,
            -1.764102
        ],
        [
            0.56484,
            -0.562532,
            1.834955
        ],
        [
            0.700368,
            -0.767778,
            1.625326
        ],
        [
            -0.566178,
            -0.562532,
            1.834955
        ],
        [
            -0.701705,
            -0.767779,
            1.625326
        ],
        [
            -0.589458,
            -0.60629,
            -1.72324
        ],
        [
            -0.683091,
            -0.85995,
            -1.59557
        ],
        [
            0.580244,
            -0.609804,
            -1.724749
        ],
        [
            0.681754,
            -0.85995,
            -1.59557
        ],
        [
            -0.618259,
            -0.181196,
            1.818097
        ],
        [
            -0.646423,
            -0.239002,
            -1.767437
        ],
        [
            0.647827,
            -0.239227,
            -1.766999
        ],
        [
            0.614179,
            -0.181605,
            1.817729
        ],
        [
            -0.669244,
            -0.941067,
            -1.430802
        ],
        [
            0.667915,
            -0.941067,
            -1.430802
        ]
    ]
}