{
    "car_type": "unknown",
    "name": "Mitsubishi_ASX",
    "pts": {
        "fl wheel": 0,
        "bl wheel": 1,
        "br wheel": 2,
        "fr wheel": 3,
        "windshield tr": 4,
        "windshield tl": 5,
        "windshield bl": 6,
        "windshield br": 7,
        "rear window tl": 8,
        "rear window tr": 9,
        "rear window br": 10,
        "rear window bl": 11,
        "rearview mirror l": 12,
        "rearview mirror r": 13,
        "bottom of license fr": 14,
        "bottom of license fl": 15,
        "bottom of license bl": 16,
        "bottom of license br": 17,
        "headlight fr inner bottom": 18,
        "headlight fr outer top": 19,
        "headlight fl inner bottom": 20,
        "headlight fl outer top": 21,
        "headlight bl inner bottom": 22,
        "headlight bl outer top": 23,
        "headlight br inner bottom": 24,
        "headlight br outer top": 25,
        "bottom bumper fl": 26,
        "bottom bumper bl": 27,
        "bottom bumper br": 28,
        "bottom bumper fr": 29,
        "side window back l": 30,
        "side window back r": 31
    },
    "vertices": [
        [
            -0.863067,
            -0.350148,
            1.264891
        ],
        [
            -0.86306,
            -0.350145,
            -1.413956
        ],
        [
            0.865906,
            -0.350147,
            -1.413956
        ],
        [
            0.865898,
            -0.35015,
            1.264892
        ],
        [
            0.618412,
            -1.537596,
            0.162085
        ],
        [
            -0.615469,
            -1.537595,
            0.162085
        ],
        [
            -0.743632,
            -1.104965,
            0.927613
        ],
        [
            0.746572,
            -1.104966,
            0.927613
        ],
        [
            -0.581685,
            -1.435299,
            -1.615295
        ],
        [
            0.584629,
            -1.4353,
            -1.615295
        ],
        [
            0.653346,
            -1.193609,
            -1.826615
        ],
        [
            -0.650402,
            -1.193608,
            -1.826615
        ],
        [
            -1.028403,
            -1.236459,
            0.444986
        ],
        [
            1.031347,
            -1.23646,
            0.444985
        ],
        [
            0.254537,
            -0.589702,
            2.120684
        ],
        [
            -0.253683,
            -0.589702,
            2.120684
        ],
        [
            -0.254537,
            -0.856777,
            -2.06711
        ],
        [
            0.253683,
            -0.856777,
            -2.06711
        ],
        [
            0.404089,
            -0.866559,
            2.044252
        ],
        [
            0.785855,
            -0.952233,
            1.614613
        ],
        [
            -0.401145,
            -0.866559,
            2.044252
        ],
        [
            -0.782911,
            -0.952231,
            1.614613
        ],
        [
            -0.359894,
            -0.911647,
            -2.058238
        ],
        [
            -0.780133,
            -1.103448,
            -1.724498
        ],
        [
            0.362839,
            -0.911647,
            -2.058238
        ],
        [
            0.783077,
            -1.10345,
            -1.724498
        ],
        [
            -0.761653,
            -0.239293,
            1.783529
        ],
        [
            -0.679421,
            -0.276783,
            -2.036811
        ],
        [
            0.630355,
            -0.275785,
            -2.037615
        ],
        [
            0.76012,
            -0.236713,
            1.780912
        ],
        [
            -0.747273,
            -1.189265,
            -1.485481
        ],
        [
            0.750217,
            -1.189266,
            -1.485481
        ]
    ]
}