{
    "car_type": "unknown",
    "name": "Nissan_Primera",
    "pts": {
        "fl wheel": 0,
        "bl wheel": 1,
        "br wheel": 2,
        "fr wheel": 3,
        "windshield tr": 4,
        "windshield tl": 5,
        "windshield bl": 6,
        "windshield br": 7,
        "rear window tl": 8,
        "rear window tr": 9,
        "rear window br": 10,
        "rear window bl": 11,
        "rearview mirror l": 12,
        "rearview mirror r": 13,
        "bottom of license fr": 14,
        "bottom of license fl": 15,
        "bottom of license bl": 16,
        "bottom of license br": 17,
        "headlight fr inner bottom": 18,
        "headlight fr outer top": 19,
        "headlight fl inner bottom": 20,
        "headlight fl outer top": 21,
        "headlight bl inner bottom": 22,
        "headlight bl outer top": 23,
        "headlight br inner bottom": 24,
        "headlight br outer top": 25,
        "bottom bumper fl": 26,
        "bottom bumper bl": 27,
        "bottom bumper br": 28,
        "bottom bumper fr": 29,
        "side window back l": 30,
        "side window back r": 31
    },
    "vertices": [
        [
            -0.840035,
            -0.318873,
            1.444678
        ],
        [
            -0.840035,
            -0.318873,
            -1.240938
        ],
        [
            0.836746,
            -0.318873,
            -1.240938
        ],
        [
            0.836746,
            -0.318873,
            1.444678
        ],
        [
            0.538723,
            -1.347764,
            0.45934
        ],
        [
            -0.542012,
            -1.347764,
            0.459339
        ],
        [
            -0.673939,
            -0.990259,
            1.208461
        ],
        [
            0.670649,
            -0.990259,
            1.208461
        ],
        [
            -0.534565,
            -1.326329,
            -1.092433
        ],
        [
            0.531276,
            -1.326329,
            -1.092433
        ],
        [
            0.56912,
            -1.109832,
            -1.619236
        ],
        [
            -0.572409,
            -1.109832,
            -1.619236
        ],
        [
            -0.967478,
            -1.038813,
            0.643427
        ],
        [
            0.964189,
            -1.038813,
            0.643427
        ],
        [
            0.256047,
            -0.36673,
            2.370833
        ],
        [
            -0.255193,
            -0.36673,
            2.370833
        ],
        [
            -0.256047,
            -0.76735,
            -2.116029
        ],
        [
            0.255193,
            -0.76735,
            -2.116028
        ],
        [
            0.418694,
            -0.59056,
            2.252726
        ],
        [
            0.799632,
            -0.723,
            1.853302
        ],
        [
            -0.420987,
            -0.590494,
            2.253033
        ],
        [
            -0.802922,
            -0.723,
            1.853302
        ],
        [
            -0.50304,
            -0.677463,
            -2.090744
        ],
        [
            -0.686149,
            -1.032979,
            -1.838187
        ],
        [
            0.499751,
            -0.677463,
            -2.090744
        ],
        [
            0.682861,
            -1.032979,
            -1.838187
        ],
        [
            -0.709398,
            -0.232476,
            2.133743
        ],
        [
            -0.682191,
            -0.296334,
            -1.983491
        ],
        [
            0.678902,
            -0.296334,
            -1.983491
        ],
        [
            0.706109,
            -0.232476,
            2.133743
        ],
        [
            -0.738196,
            -1.020451,
            -1.287205
        ],
        [
            0.734907,
            -1.020451,
            -1.287205
        ]
    ]
}