{
    "car_type": "unknown",
    "name": "Nissan_Patrol_LE3",
    "pts": {
        "fl wheel": 0,
        "bl wheel": 1,
        "br wheel": 2,
        "fr wheel": 3,
        "windshield tr": 4,
        "windshield tl": 5,
        "windshield bl": 6,
        "windshield br": 7,
        "rear window tl": 8,
        "rear window tr": 9,
        "rear window br": 10,
        "rear window bl": 11,
        "rearview mirror l": 12,
        "rearview mirror r": 13,
        "bottom of license fr": 14,
        "bottom of license fl": 15,
        "bottom of license bl": 16,
        "bottom of license br": 17,
        "headlight fr inner bottom": 18,
        "headlight fr outer top": 19,
        "headlight fl inner bottom": 20,
        "headlight fl outer top": 21,
        "headlight bl inner bottom": 22,
        "headlight bl outer top": 23,
        "headlight br inner bottom": 24,
        "headlight br outer top": 25,
        "bottom bumper fl": 26,
        "bottom bumper bl": 27,
        "bottom bumper br": 28,
        "bottom bumper fr": 29,
        "side window back l": 30,
        "side window back r": 31
    },
    "vertices": [
        [
            -0.94554,
            -0.433903,
            1.370665
        ],
        [
            -0.990682,
            -0.446304,
            -1.671133
        ],
        [
            0.997308,
            -0.44632,
            -1.671228
        ],
        [
            0.952394,
            -0.434377,
            1.250655
        ],
        [
            0.695417,
            -1.759001,
            0.205972
        ],
        [
            -0.688791,
            -1.759001,
            0.205972
        ],
        [
            -0.813068,
            -1.286462,
            0.688306
        ],
        [
            0.819694,
            -1.286462,
            0.688306
        ],
        [
            -0.53761,
            -1.791283,
            -2.364048
        ],
        [
            0.544236,
            -1.791283,
            -2.364048
        ],
        [
            0.615747,
            -1.378042,
            -2.55893
        ],
        [
            -0.60912,
            -1.378043,
            -2.55893
        ],
        [
            -1.059182,
            -1.438019,
            0.350916
        ],
        [
            1.065808,
            -1.438018,
            0.350916
        ],
        [
            0.282317,
            -0.72076,
            2.2713
        ],
        [
            -0.275691,
            -0.72076,
            2.2713
        ],
        [
            -0.570166,
            -0.892557,
            -2.634402
        ],
        [
            -0.205238,
            -0.895243,
            -2.634391
        ],
        [
            0.500573,
            -0.894575,
            2.12134
        ],
        [
            0.854512,
            -1.101894,
            1.84149
        ],
        [
            -0.497475,
            -0.896541,
            2.118725
        ],
        [
            -0.847886,
            -1.101893,
            1.84149
        ],
        [
            -0.703042,
            -0.891615,
            -2.630791
        ],
        [
            -0.876552,
            -1.260412,
            -2.47947
        ],
        [
            0.709669,
            -0.891616,
            -2.630791
        ],
        [
            0.883179,
            -1.260412,
            -2.47947
        ],
        [
            -0.850732,
            -0.507627,
            1.879513
        ],
        [
            -0.811926,
            -0.551775,
            -2.666001
        ],
        [
            0.816492,
            -0.54963,
            -2.664623
        ],
        [
            0.857358,
            -0.507628,
            1.879513
        ],
        [
            -0.832154,
            -1.403128,
            -2.292125
        ],
        [
            0.83878,
            -1.403128,
            -2.292125
        ]
    ]
}