{
    "car_type": "unknown",
    "name": "Nissan_Sentra_B17",
    "pts": {
        "fl wheel": 0,
        "bl wheel": 1,
        "br wheel": 2,
        "fr wheel": 3,
        "windshield tr": 4,
        "windshield tl": 5,
        "windshield bl": 6,
        "windshield br": 7,
        "rear window tl": 8,
        "rear window tr": 9,
        "rear window br": 10,
        "rear window bl": 11,
        "rearview mirror l": 12,
        "rearview mirror r": 13,
        "bottom of license fr": 14,
        "bottom of license fl": 15,
        "bottom of license bl": 16,
        "bottom of license br": 17,
        "headlight fr inner bottom": 18,
        "headlight fr outer top": 19,
        "headlight fl inner bottom": 20,
        "headlight fl outer top": 21,
        "headlight bl inner bottom": 22,
        "headlight bl outer top": 23,
        "headlight br inner bottom": 24,
        "headlight br outer top": 25,
        "bottom bumper fl": 26,
        "bottom bumper bl": 27,
        "bottom bumper br": 28,
        "bottom bumper fr": 29,
        "side window back l": 30,
        "side window back r": 31
    },
    "vertices": [
        [
            -0.853743,
            -0.339336,
            1.548102
        ],
        [
            -0.853743,
            -0.339336,
            -1.137037
        ],
        [
            0.875568,
            -0.339336,
            -1.119105
        ],
        [
            0.867326,
            -0.339336,
            1.548103
        ],
        [
            0.584255,
            -1.365221,
            0.552685
        ],
        [
            -0.594798,
            -1.36797,
            0.5547
        ],
        [
            -0.687633,
            -0.999844,
            1.338461
        ],
        [
            0.686522,
            -1.004731,
            1.325164
        ],
        [
            -0.556472,
            -1.378455,
            -0.896972
        ],
        [
            0.555262,
            -1.378456,
            -0.896972
        ],
        [
            0.571744,
            -1.140742,
            -1.555714
        ],
        [
            -0.567295,
            -1.143083,
            -1.555009
        ],
        [
            -0.981627,
            -1.094115,
            0.857224
        ],
        [
            0.972274,
            -1.094115,
            0.864778
        ],
        [
            0.254537,
            -0.367761,
            2.465858
        ],
        [
            -0.257644,
            -0.367445,
            2.465859
        ],
        [
            -0.258497,
            -0.791712,
            -2.051645
        ],
        [
            0.257644,
            -0.791712,
            -2.051645
        ],
        [
            0.428073,
            -0.602501,
            2.34375
        ],
        [
            0.762378,
            -0.819447,
            1.93686
        ],
        [
            -0.443482,
            -0.603112,
            2.349795
        ],
        [
            -0.769249,
            -0.814051,
            1.933838
        ],
        [
            -0.355115,
            -0.846425,
            -2.039673
        ],
        [
            -0.786128,
            -0.988442,
            -1.573546
        ],
        [
            0.366713,
            -0.841844,
            -2.030304
        ],
        [
            0.797229,
            -0.987119,
            -1.591478
        ],
        [
            -0.801816,
            -0.15283,
            2.103082
        ],
        [
            -0.762695,
            -0.305232,
            -1.898636
        ],
        [
            0.756918,
            -0.308795,
            -1.924628
        ],
        [
            0.795243,
            -0.162298,
            2.114063
        ],
        [
            -0.691306,
            -1.190422,
            -1.178542
        ],
        [
            0.692281,
            -1.186656,
            -1.184385
        ]
    ]
}