{
    "car_type": "unknown",
    "name": "Nissan_Juke",
    "pts": {
        "fl wheel": 0,
        "bl wheel": 1,
        "br wheel": 2,
        "fr wheel": 3,
        "windshield tr": 4,
        "windshield tl": 5,
        "windshield bl": 6,
        "windshield br": 7,
        "rear window tl": 8,
        "rear window tr": 9,
        "rear window br": 10,
        "rear window bl": 11,
        "rearview mirror l": 12,
        "rearview mirror r": 13,
        "bottom of license fr": 14,
        "bottom of license fl": 15,
        "bottom of license bl": 16,
        "bottom of license br": 17,
        "headlight fr inner bottom": 18,
        "headlight fr outer top": 19,
        "headlight fl inner bottom": 20,
        "headlight fl outer top": 21,
        "headlight bl inner bottom": 22,
        "headlight bl outer top": 23,
        "headlight br inner bottom": 24,
        "headlight br outer top": 25,
        "bottom bumper fl": 26,
        "bottom bumper bl": 27,
        "bottom bumper br": 28,
        "bottom bumper fr": 29,
        "side window back l": 30,
        "side window back r": 31
    },
    "vertices": [
        [
            -0.923183,
            -0.337392,
            1.22273
        ],
        [
            -0.923182,
            -0.33739,
            -1.247783
        ],
        [
            0.92689,
            -0.33739,
            -1.247783
        ],
        [
            0.926889,
            -0.337394,
            1.222719
        ],
        [
            0.540961,
            -1.476976,
            0.276867
        ],
        [
            -0.536502,
            -1.476976,
            0.276866
        ],
        [
            -0.668238,
            -1.097419,
            0.857104
        ],
        [
            0.672698,
            -1.097419,
            0.857104
        ],
        [
            -0.62396,
            -1.247404,
            -1.270069
        ],
        [
            0.62842,
            -1.247404,
            -1.270069
        ],
        [
            0.57129,
            -1.136593,
            -1.658127
        ],
        [
            -0.56683,
            -1.136593,
            -1.658126
        ],
        [
            -1.009021,
            -1.225471,
            0.44261
        ],
        [
            1.013609,
            -1.225432,
            0.443075
        ],
        [
            0.254537,
            -0.511085,
            2.072807
        ],
        [
            -0.253683,
            -0.511085,
            2.072807
        ],
        [
            -0.254537,
            -0.844982,
            -1.907686
        ],
        [
            0.253683,
            -0.844982,
            -1.907686
        ],
        [
            0.489514,
            -0.931298,
            1.781114
        ],
        [
            0.787013,
            -1.023703,
            1.198996
        ],
        [
            -0.485051,
            -0.931298,
            1.781114
        ],
        [
            -0.78255,
            -1.023702,
            1.198996
        ],
        [
            -0.578533,
            -0.964682,
            -1.814274
        ],
        [
            -0.815996,
            -1.041964,
            -1.465984
        ],
        [
            0.573266,
            -0.972824,
            -1.816299
        ],
        [
            0.82046,
            -1.041965,
            -1.465983
        ],
        [
            -0.739258,
            -0.265404,
            1.647412
        ],
        [
            -0.701915,
            -0.307274,
            -1.684659
        ],
        [
            0.706376,
            -0.307274,
            -1.684659
        ],
        [
            0.742804,
            -0.265316,
            1.648585
        ],
        [
            -0.740024,
            -1.159197,
            -0.929279
        ],
        [
            0.744484,
            -1.159197,
            -0.929278
        ]
    ]
}