{
    "car_type": "unknown",
    "name": "Opel_Insignia",
    "pts": {
        "fl wheel": 0,
        "bl wheel": 1,
        "br wheel": 2,
        "fr wheel": 3,
        "windshield tr": 4,
        "windshield tl": 5,
        "windshield bl": 6,
        "windshield br": 7,
        "rear window tl": 8,
        "rear window tr": 9,
        "rear window br": 10,
        "rear window bl": 11,
        "rearview mirror l": 12,
        "rearview mirror r": 13,
        "bottom of license fr": 14,
        "bottom of license fl": 15,
        "bottom of license bl": 16,
        "bottom of license br": 17,
        "headlight fr inner bottom": 18,
        "headlight fr outer top": 19,
        "headlight fl inner bottom": 20,
        "headlight fl outer top": 21,
        "headlight bl inner bottom": 22,
        "headlight bl outer top": 23,
        "headlight br inner bottom": 24,
        "headlight br outer top": 25,
        "bottom bumper fl": 26,
        "bottom bumper bl": 27,
        "bottom bumper br": 28,
        "bottom bumper fr": 29,
        "side window back l": 30,
        "side window back r": 31
    },
    "vertices": [
        [
            -0.893695,
            -0.334514,
            1.417908
        ],
        [
            -0.893696,
            -0.334516,
            -1.313847
        ],
        [
            0.894077,
            -0.334516,
            -1.313847
        ],
        [
            0.894077,
            -0.334514,
            1.417161
        ],
        [
            0.60823,
            -1.358046,
            0.356243
        ],
        [
            -0.606388,
            -1.358046,
            0.356243
        ],
        [
            -0.694191,
            -1.014327,
            1.10052
        ],
        [
            0.696033,
            -1.014327,
            1.10052
        ],
        [
            -0.556243,
            -1.333737,
            -1.09625
        ],
        [
            0.561539,
            -1.336655,
            -1.096755
        ],
        [
            0.530807,
            -1.11522,
            -1.7191
        ],
        [
            -0.528694,
            -1.11358,
            -1.718556
        ],
        [
            -0.985159,
            -1.122939,
            0.59739
        ],
        [
            0.986796,
            -1.123155,
            0.59435
        ],
        [
            0.254134,
            -0.407723,
            2.402794
        ],
        [
            -0.25242,
            -0.407723,
            2.402794
        ],
        [
            -0.251102,
            -0.486718,
            -2.365268
        ],
        [
            0.252816,
            -0.486718,
            -2.365268
        ],
        [
            0.503173,
            -0.650306,
            2.227557
        ],
        [
            0.782844,
            -0.856327,
            1.714941
        ],
        [
            -0.501331,
            -0.650306,
            2.227557
        ],
        [
            -0.775426,
            -0.856389,
            1.714279
        ],
        [
            -0.417729,
            -0.757794,
            -2.253665
        ],
        [
            -0.771337,
            -0.961413,
            -1.796686
        ],
        [
            0.419571,
            -0.757794,
            -2.253665
        ],
        [
            0.773179,
            -0.961413,
            -1.796686
        ],
        [
            -0.780975,
            -0.251974,
            2.011032
        ],
        [
            -0.782801,
            -0.287712,
            -1.886204
        ],
        [
            0.776498,
            -0.292116,
            -1.906486
        ],
        [
            0.782817,
            -0.251974,
            2.011032
        ],
        [
            -0.694667,
            -1.15214,
            -1.258997
        ],
        [
            0.708379,
            -1.132429,
            -1.25595
        ]
    ]
}