{
    "car_type": "unknown",
    "name": "Renault_Clio",
    "pts": {
        "fl wheel": 0,
        "bl wheel": 1,
        "br wheel": 2,
        "fr wheel": 3,
        "windshield tr": 4,
        "windshield tl": 5,
        "windshield bl": 6,
        "windshield br": 7,
        "rear window tl": 8,
        "rear window tr": 9,
        "rear window br": 10,
        "rear window bl": 11,
        "rearview mirror l": 12,
        "rearview mirror r": 13,
        "bottom of license fr": 14,
        "bottom of license fl": 15,
        "bottom of license bl": 16,
        "bottom of license br": 17,
        "headlight fr inner bottom": 18,
        "headlight fr outer top": 19,
        "headlight fl inner bottom": 20,
        "headlight fl outer top": 21,
        "headlight bl inner bottom": 22,
        "headlight bl outer top": 23,
        "headlight br inner bottom": 24,
        "headlight br outer top": 25,
        "bottom bumper fl": 26,
        "bottom bumper bl": 27,
        "bottom bumper br": 28,
        "bottom bumper fr": 29,
        "side window back l": 30,
        "side window back r": 31
    },
    "vertices": [
        [
            -0.789657,
            -0.255538,
            1.175912
        ],
        [
            -0.789657,
            -0.254045,
            -1.292663
        ],
        [
            0.789232,
            -0.254046,
            -1.292726
        ],
        [
            0.789231,
            -0.255539,
            1.175849
        ],
        [
            0.523839,
            -1.160204,
            0.208546
        ],
        [
            -0.523711,
            -1.162246,
            0.207307
        ],
        [
            -0.637158,
            -0.797648,
            0.945053
        ],
        [
            0.637366,
            -0.797648,
            0.945053
        ],
        [
            -0.48973,
            -1.127207,
            -1.35372
        ],
        [
            0.491277,
            -1.126854,
            -1.353514
        ],
        [
            0.560396,
            -0.875322,
            -1.548031
        ],
        [
            -0.558677,
            -0.873224,
            -1.544666
        ],
        [
            -0.965961,
            -0.878068,
            0.57514
        ],
        [
            0.95749,
            -0.88355,
            0.576572
        ],
        [
            0.257644,
            -0.343201,
            1.923981
        ],
        [
            -0.256327,
            -0.340844,
            1.927456
        ],
        [
            -0.256327,
            -0.330054,
            -1.830121
        ],
        [
            0.256626,
            -0.330713,
            -1.828619
        ],
        [
            0.422736,
            -0.508065,
            1.842489
        ],
        [
            0.715798,
            -0.708152,
            1.384308
        ],
        [
            -0.426066,
            -0.508835,
            1.843698
        ],
        [
            -0.711354,
            -0.714309,
            1.384807
        ],
        [
            -0.505387,
            -0.622006,
            -1.772068
        ],
        [
            -0.742437,
            -0.751421,
            -1.513574
        ],
        [
            0.506157,
            -0.622555,
            -1.771563
        ],
        [
            0.741375,
            -0.749144,
            -1.51758
        ],
        [
            -0.673309,
            -0.164281,
            1.67727
        ],
        [
            -0.699024,
            -0.244475,
            -1.708147
        ],
        [
            0.648076,
            -0.200629,
            -1.559903
        ],
        [
            0.67556,
            -0.164917,
            1.678198
        ],
        [
            -0.670415,
            -0.901321,
            -1.173669
        ],
        [
            0.666264,
            -0.9108,
            -1.181013
        ]
    ]
}