{
    "car_type": "unknown",
    "name": "Seat_Arosa_A",
    "pts": {
        "fl wheel": 0,
        "bl wheel": 1,
        "br wheel": 2,
        "fr wheel": 3,
        "windshield tr": 4,
        "windshield tl": 5,
        "windshield bl": 6,
        "windshield br": 7,
        "rear window tl": 8,
        "rear window tr": 9,
        "rear window br": 10,
        "rear window bl": 11,
        "rearview mirror l": 12,
        "rearview mirror r": 13,
        "bottom of license fr": 14,
        "bottom of license fl": 15,
        "bottom of license bl": 16,
        "bottom of license br": 17,
        "headlight fr inner bottom": 18,
        "headlight fr outer top": 19,
        "headlight fl inner bottom": 20,
        "headlight fl outer top": 21,
        "headlight bl inner bottom": 22,
        "headlight bl outer top": 23,
        "headlight br inner bottom": 24,
        "headlight br outer top": 25,
        "bottom bumper fl": 26,
        "bottom bumper bl": 27,
        "bottom bumper br": 28,
        "bottom bumper fr": 29,
        "side window back l": 30,
        "side window back r": 31
    },
    "vertices": [
        [
            -0.784228,
            -0.237254,
            1.12963
        ],
        [
            -0.758561,
            -0.237254,
            -1.191872
        ],
        [
            0.759888,
            -0.237254,
            -1.191872
        ],
        [
            0.785555,
            -0.237254,
            1.129631
        ],
        [
            0.555477,
            -1.121174,
            0.327835
        ],
        [
            -0.55415,
            -1.121174,
            0.327835
        ],
        [
            -0.663788,
            -0.817415,
            0.795946
        ],
        [
            0.665115,
            -0.817415,
            0.795946
        ],
        [
            -0.512772,
            -1.13735,
            -1.29706
        ],
        [
            0.514099,
            -1.13735,
            -1.29706
        ],
        [
            0.606719,
            -0.862561,
            -1.46655
        ],
        [
            -0.605392,
            -0.862561,
            -1.46655
        ],
        [
            -0.938711,
            -0.860292,
            0.489238
        ],
        [
            0.940638,
            -0.860292,
            0.49115
        ],
        [
            0.256287,
            -0.313778,
            1.859984
        ],
        [
            -0.256429,
            -0.315011,
            1.859854
        ],
        [
            -0.256279,
            -0.356647,
            -1.652712
        ],
        [
            0.259468,
            -0.358186,
            -1.652421
        ],
        [
            0.388396,
            -0.506445,
            1.779083
        ],
        [
            0.67414,
            -0.588503,
            1.619581
        ],
        [
            -0.384014,
            -0.508772,
            1.780441
        ],
        [
            -0.659937,
            -0.6038,
            1.624195
        ],
        [
            -0.503415,
            -0.545951,
            -1.54437
        ],
        [
            -0.702047,
            -0.790366,
            -1.425083
        ],
        [
            0.504742,
            -0.545951,
            -1.54437
        ],
        [
            0.704256,
            -0.787246,
            -1.426947
        ],
        [
            -0.677202,
            -0.1616,
            1.598885
        ],
        [
            -0.649162,
            -0.203482,
            -1.525423
        ],
        [
            0.650489,
            -0.203482,
            -1.525423
        ],
        [
            0.678529,
            -0.1616,
            1.598885
        ],
        [
            -0.719354,
            -0.822387,
            -1.140792
        ],
        [
            0.71572,
            -0.821283,
            -1.139719
        ]
    ]
}