{
    "car_type": "unknown",
    "name": "Tesla_2018_Model_3",
    "pts": {
        "fl wheel": 0,
        "bl wheel": 1,
        "br wheel": 2,
        "fr wheel": 3,
        "windshield tr": 4,
        "windshield tl": 5,
        "windshield bl": 6,
        "windshield br": 7,
        "rear window tl": 8,
        "rear window tr": 9,
        "rear window br": 10,
        "rear window bl": 11,
        "rearview mirror l": 12,
        "rearview mirror r": 13,
        "bottom of license fr": 14,
        "bottom of license fl": 15,
        "bottom of license bl": 16,
        "bottom of license br": 17,
        "headlight fr inner bottom": 18,
        "headlight fr outer top": 19,
        "headlight fl inner bottom": 20,
        "headlight fl outer top": 21,
        "headlight bl inner bottom": 22,
        "headlight bl outer top": 23,
        "headlight br inner bottom": 24,
        "headlight br outer top": 25,
        "bottom bumper fl": 26,
        "bottom bumper bl": 27,
        "bottom bumper br": 28,
        "bottom bumper fr": 29,
        "side window back l": 30,
        "side window back r": 31
    },
    "vertices": [
        [
            -0.893992,
            -0.345895,
            1.877942
        ],
        [
            -0.895952,
            -0.347917,
            -0.982182
        ],
        [
            0.897353,
            -0.347917,
            -0.982182
        ],
        [
            0.895394,
            -0.348003,
            1.877412
        ],
        [
            0.607782,
            -1.33328,
            0.525671
        ],
        [
            -0.607744,
            -1.333885,
            0.532992
        ],
        [
            -0.706414,
            -0.908928,
            1.504147
        ],
        [
            0.70592,
            -0.908858,
            1.505503
        ],
        [
            -0.542959,
            -1.410083,
            -0.121382
        ],
        [
            0.559905,
            -1.405881,
            -0.11392
        ],
        [
            0.460156,
            -1.160532,
            -1.482886
        ],
        [
            -0.481384,
            -1.175014,
            -1.430242
        ],
        [
            -1.010901,
            -1.008423,
            0.952071
        ],
        [
            0.997708,
            -1.023661,
            0.959821
        ],
        [
            0.257028,
            -0.39144,
            2.660479
        ],
        [
            -0.254772,
            -0.39144,
            2.660479
        ],
        [
            -0.244392,
            -0.691378,
            -1.962247
        ],
        [
            0.247972,
            -0.695425,
            -1.962659
        ],
        [
            0.446297,
            -0.622513,
            2.511434
        ],
        [
            0.76508,
            -0.811742,
            2.070272
        ],
        [
            -0.44887,
            -0.620091,
            2.511288
        ],
        [
            -0.763134,
            -0.811415,
            2.070352
        ],
        [
            -0.379076,
            -0.846941,
            -1.912215
        ],
        [
            -0.777576,
            -0.960294,
            -1.433709
        ],
        [
            0.38117,
            -0.846192,
            -1.911929
        ],
        [
            0.779196,
            -0.962633,
            -1.433705
        ],
        [
            -0.823808,
            -0.194833,
            2.332892
        ],
        [
            -0.75911,
            -0.217479,
            -1.649497
        ],
        [
            0.771889,
            -0.244599,
            -1.66144
        ],
        [
            0.810674,
            -0.174456,
            2.328804
        ],
        [
            -0.599942,
            -1.165516,
            -1.234874
        ],
        [
            0.601345,
            -1.165522,
            -1.234017
        ]
    ]
}