{
    "car_type": "unknown",
    "name": "Toyota_Yaris",
    "pts": {
        "fl wheel": 0,
        "bl wheel": 1,
        "br wheel": 2,
        "fr wheel": 3,
        "windshield tr": 4,
        "windshield tl": 5,
        "windshield bl": 6,
        "windshield br": 7,
        "rear window tl": 8,
        "rear window tr": 9,
        "rear window br": 10,
        "rear window bl": 11,
        "rearview mirror l": 12,
        "rearview mirror r": 13,
        "bottom of license fr": 14,
        "bottom of license fl": 15,
        "bottom of license bl": 16,
        "bottom of license br": 17,
        "headlight fr inner bottom": 18,
        "headlight fr outer top": 19,
        "headlight fl inner bottom": 20,
        "headlight fl outer top": 21,
        "headlight bl inner bottom": 22,
        "headlight bl outer top": 23,
        "headlight br inner bottom": 24,
        "headlight br outer top": 25,
        "bottom bumper fl": 26,
        "bottom bumper bl": 27,
        "bottom bumper br": 28,
        "bottom bumper fr": 29,
        "side window back l": 30,
        "side window back r": 31
    },
    "vertices": [
        [
            -0.83414,
            -0.310116,
            1.155307
        ],
        [
            -0.83414,
            -0.310117,
            -1.282573
        ],
        [
            0.836043,
            -0.310117,
            -1.282573
        ],
        [
            0.836043,
            -0.310116,
            1.155307
        ],
        [
            0.529287,
            -1.400276,
            0.277696
        ],
        [
            -0.527386,
            -1.400276,
            0.277696
        ],
        [
            -0.658755,
            -0.987234,
            1.065614
        ],
        [
            0.660657,
            -0.987234,
            1.065614
        ],
        [
            -0.504921,
            -1.364438,
            -1.308854
        ],
        [
            0.506826,
            -1.364438,
            -1.308854
        ],
        [
            0.593889,
            -1.07348,
            -1.544279
        ],
        [
            -0.591984,
            -1.07348,
            -1.544279
        ],
        [
            -0.950529,
            -1.077619,
            0.5248
        ],
        [
            0.952432,
            -1.077619,
            0.5248
        ],
        [
            0.256047,
            -0.432666,
            1.89093
        ],
        [
            -0.255193,
            -0.432666,
            1.89093
        ],
        [
            -0.256047,
            -0.399528,
            -1.843903
        ],
        [
            0.255193,
            -0.399528,
            -1.843903
        ],
        [
            0.516101,
            -0.64414,
            1.734782
        ],
        [
            0.752474,
            -0.899914,
            1.234234
        ],
        [
            -0.51959,
            -0.64676,
            1.683517
        ],
        [
            -0.749524,
            -0.899914,
            1.234234
        ],
        [
            -0.50959,
            -0.750434,
            -1.720147
        ],
        [
            -0.708203,
            -1.016173,
            -1.434245
        ],
        [
            0.511494,
            -0.750434,
            -1.720147
        ],
        [
            0.710106,
            -1.016173,
            -1.434245
        ],
        [
            -0.700626,
            -0.182244,
            1.705782
        ],
        [
            -0.596634,
            -0.277027,
            -1.773878
        ],
        [
            0.598538,
            -0.277027,
            -1.773878
        ],
        [
            0.702527,
            -0.182244,
            1.705782
        ],
        [
            -0.703766,
            -1.074983,
            -1.238699
        ],
        [
            0.705669,
            -1.074983,
            -1.238698
        ]
    ]
}