{
    "car_type": "unknown",
    "name": "Toyota_Land_Cruiser_Prado",
    "pts": {
        "fl wheel": 0,
        "bl wheel": 1,
        "br wheel": 2,
        "fr wheel": 3,
        "windshield tr": 4,
        "windshield tl": 5,
        "windshield bl": 6,
        "windshield br": 7,
        "rear window tl": 8,
        "rear window tr": 9,
        "rear window br": 10,
        "rear window bl": 11,
        "rearview mirror l": 12,
        "rearview mirror r": 13,
        "bottom of license fr": 14,
        "bottom of license fl": 15,
        "bottom of license bl": 16,
        "bottom of license br": 17,
        "headlight fr inner bottom": 18,
        "headlight fr outer top": 19,
        "headlight fl inner bottom": 20,
        "headlight fl outer top": 21,
        "headlight bl inner bottom": 22,
        "headlight bl outer top": 23,
        "headlight br inner bottom": 24,
        "headlight br outer top": 25,
        "bottom bumper fl": 26,
        "bottom bumper bl": 27,
        "bottom bumper br": 28,
        "bottom bumper fr": 29,
        "side window back l": 30,
        "side window back r": 31
    },
    "vertices": [
        [
            -0.941411,
            -0.408567,
            1.464875
        ],
        [
            -0.941411,
            -0.408569,
            -1.36657
        ],
        [
            0.94309,
            -0.408569,
            -1.36657
        ],
        [
            0.94309,
            -0.408567,
            1.464875
        ],
        [
            0.633909,
            -1.694756,
            0.36935
        ],
        [
            -0.634233,
            -1.694766,
            0.369339
        ],
        [
            -0.742805,
            -1.307819,
            0.989542
        ],
        [
            0.742541,
            -1.307819,
            0.989542
        ],
        [
            -0.612584,
            -1.704277,
            -2.06303
        ],
        [
            0.612315,
            -1.704277,
            -2.06303
        ],
        [
            0.677771,
            -1.435991,
            -2.210001
        ],
        [
            -0.67804,
            -1.435991,
            -2.210001
        ],
        [
            -1.055711,
            -1.421175,
            0.622016
        ],
        [
            1.055358,
            -1.421109,
            0.62173
        ],
        [
            0.254537,
            -0.637169,
            2.368932
        ],
        [
            -0.253683,
            -0.63717,
            2.368932
        ],
        [
            -0.254537,
            -0.950638,
            -2.305435
        ],
        [
            0.253683,
            -0.950638,
            -2.305435
        ],
        [
            0.480266,
            -0.847996,
            2.203179
        ],
        [
            0.809628,
            -1.15266,
            1.776059
        ],
        [
            -0.480536,
            -0.847996,
            2.203179
        ],
        [
            -0.809893,
            -1.15266,
            1.776059
        ],
        [
            -0.7243,
            -1.08731,
            -2.283141
        ],
        [
            -0.774743,
            -1.444758,
            -2.028353
        ],
        [
            0.724034,
            -1.08731,
            -2.283141
        ],
        [
            0.77448,
            -1.444758,
            -2.028353
        ],
        [
            -0.881921,
            -0.401156,
            2.023691
        ],
        [
            -0.784644,
            -0.406031,
            -1.830609
        ],
        [
            0.784377,
            -0.406031,
            -1.830609
        ],
        [
            0.879935,
            -0.401494,
            2.027024
        ],
        [
            -0.709158,
            -1.609644,
            -1.806229
        ],
        [
            0.70889,
            -1.609644,
            -1.806228
        ]
    ]
}