{
    "car_type": "unknown",
    "name": "Toyota_Corolla",
    "pts": {
        "fl wheel": 0,
        "bl wheel": 1,
        "br wheel": 2,
        "fr wheel": 3,
        "windshield tr": 4,
        "windshield tl": 5,
        "windshield bl": 6,
        "windshield br": 7,
        "rear window tl": 8,
        "rear window tr": 9,
        "rear window br": 10,
        "rear window bl": 11,
        "rearview mirror l": 12,
        "rearview mirror r": 13,
        "bottom of license fr": 14,
        "bottom of license fl": 15,
        "bottom of license bl": 16,
        "bottom of license br": 17,
        "headlight fr inner bottom": 18,
        "headlight fr outer top": 19,
        "headlight fl inner bottom": 20,
        "headlight fl outer top": 21,
        "headlight bl inner bottom": 22,
        "headlight bl outer top": 23,
        "headlight br inner bottom": 24,
        "headlight br outer top": 25,
        "bottom bumper fl": 26,
        "bottom bumper bl": 27,
        "bottom bumper br": 28,
        "bottom bumper fr": 29,
        "side window back l": 30,
        "side window back r": 31
    },
    "vertices": [
        [
            -0.853661,
            -0.332484,
            1.46616
        ],
        [
            -0.853661,
            -0.332483,
            -1.161703
        ],
        [
            0.870414,
            -0.332483,
            -1.161703
        ],
        [
            0.870414,
            -0.332484,
            1.46616
        ],
        [
            0.571835,
            -1.36777,
            0.489508
        ],
        [
            -0.560984,
            -1.36817,
            0.488777
        ],
        [
            -0.682637,
            -1.005109,
            1.312305
        ],
        [
            0.693381,
            -1.005109,
            1.312305
        ],
        [
            -0.554717,
            -1.367092,
            -0.915764
        ],
        [
            0.565459,
            -1.367092,
            -0.915764
        ],
        [
            0.658997,
            -1.109024,
            -1.49211
        ],
        [
            -0.648256,
            -1.109024,
            -1.49211
        ],
        [
            -0.980203,
            -1.111222,
            0.778482
        ],
        [
            0.996112,
            -1.106907,
            0.775926
        ],
        [
            0.260498,
            -0.455373,
            2.396361
        ],
        [
            -0.260469,
            -0.462087,
            2.395117
        ],
        [
            -0.25346,
            -0.770652,
            -2.022913
        ],
        [
            0.264204,
            -0.770652,
            -2.022913
        ],
        [
            0.501739,
            -0.64748,
            2.246347
        ],
        [
            0.843453,
            -0.802143,
            1.786604
        ],
        [
            -0.490997,
            -0.64748,
            2.246307
        ],
        [
            -0.835924,
            -0.802925,
            1.79008
        ],
        [
            -0.399203,
            -0.742665,
            -2.021543
        ],
        [
            -0.77652,
            -0.917081,
            -1.747236
        ],
        [
            0.410685,
            -0.743329,
            -2.022278
        ],
        [
            0.787263,
            -0.917081,
            -1.747236
        ],
        [
            -0.767548,
            -0.265752,
            2.148159
        ],
        [
            -0.665813,
            -0.295076,
            -1.976845
        ],
        [
            0.676556,
            -0.295076,
            -1.976845
        ],
        [
            0.766323,
            -0.266027,
            2.166664
        ],
        [
            -0.757237,
            -1.032874,
            -1.058911
        ],
        [
            0.76798,
            -1.032874,
            -1.058911
        ]
    ]
}