{
    "car_type": "unknown",
    "name": "Volkswagen_Polo",
    "pts": {
        "fl wheel": 0,
        "bl wheel": 1,
        "br wheel": 2,
        "fr wheel": 3,
        "windshield tr": 4,
        "windshield tl": 5,
        "windshield bl": 6,
        "windshield br": 7,
        "rear window tl": 8,
        "rear window tr": 9,
        "rear window br": 10,
        "rear window bl": 11,
        "rearview mirror l": 12,
        "rearview mirror r": 13,
        "bottom of license fr": 14,
        "bottom of license fl": 15,
        "bottom of license bl": 16,
        "bottom of license br": 17,
        "headlight fr inner bottom": 18,
        "headlight fr outer top": 19,
        "headlight fl inner bottom": 20,
        "headlight fl outer top": 21,
        "headlight bl inner bottom": 22,
        "headlight bl outer top": 23,
        "headlight br inner bottom": 24,
        "headlight br outer top": 25,
        "bottom bumper fl": 26,
        "bottom bumper bl": 27,
        "bottom bumper br": 28,
        "bottom bumper fr": 29,
        "side window back l": 30,
        "side window back r": 31
    },
    "vertices": [
        [
            -0.827634,
            -0.315979,
            1.390697
        ],
        [
            -0.827634,
            -0.315978,
            -1.334912
        ],
        [
            0.828112,
            -0.316003,
            -1.335646
        ],
        [
            0.828112,
            -0.316003,
            1.389962
        ],
        [
            0.575635,
            -1.337528,
            0.350733
        ],
        [
            -0.575765,
            -1.337528,
            0.350733
        ],
        [
            -0.628974,
            -1.013026,
            1.02623
        ],
        [
            0.628843,
            -1.013025,
            1.026229
        ],
        [
            -0.57115,
            -1.2949,
            -1.465554
        ],
        [
            0.570991,
            -1.2949,
            -1.465554
        ],
        [
            0.632777,
            -1.0408,
            -1.750206
        ],
        [
            -0.632937,
            -1.0408,
            -1.750206
        ],
        [
            -0.942689,
            -1.031873,
            0.664692
        ],
        [
            0.947579,
            -1.027817,
            0.662365
        ],
        [
            0.244741,
            -0.441729,
            2.325886
        ],
        [
            -0.243926,
            -0.441729,
            2.325886
        ],
        [
            -0.244742,
            -0.460567,
            -2.038361
        ],
        [
            0.243926,
            -0.460567,
            -2.033361
        ],
        [
            0.395507,
            -0.626773,
            2.223595
        ],
        [
            0.728694,
            -0.783764,
            1.772545
        ],
        [
            -0.393508,
            -0.628349,
            2.223909
        ],
        [
            -0.727588,
            -0.785408,
            1.773521
        ],
        [
            -0.510536,
            -0.81763,
            -1.883616
        ],
        [
            -0.735866,
            -0.983873,
            -1.609579
        ],
        [
            0.505992,
            -0.817516,
            -1.883795
        ],
        [
            0.737737,
            -0.98465,
            -1.606776
        ],
        [
            -0.750664,
            -0.223584,
            1.914701
        ],
        [
            -0.751537,
            -0.293847,
            -1.777088
        ],
        [
            0.751383,
            -0.293846,
            -1.777088
        ],
        [
            0.772773,
            -0.234957,
            1.865251
        ],
        [
            -0.663826,
            -1.108872,
            -1.394069
        ],
        [
            0.662067,
            -1.112881,
            -1.396022
        ]
    ]
}