{
    "car_type": "unknown",
    "name": "Volkswagen_corrado_VR6",
    "pts": {
        "fl wheel": 0,
        "bl wheel": 1,
        "br wheel": 2,
        "fr wheel": 3,
        "windshield tr": 4,
        "windshield tl": 5,
        "windshield bl": 6,
        "windshield br": 7,
        "rear window tl": 8,
        "rear window tr": 9,
        "rear window br": 10,
        "rear window bl": 11,
        "rearview mirror l": 12,
        "rearview mirror r": 13,
        "bottom of license fr": 14,
        "bottom of license fl": 15,
        "bottom of license bl": 16,
        "bottom of license br": 17,
        "headlight fr inner bottom": 18,
        "headlight fr outer top": 19,
        "headlight fl inner bottom": 20,
        "headlight fl outer top": 21,
        "headlight bl inner bottom": 22,
        "headlight bl outer top": 23,
        "headlight br inner bottom": 24,
        "headlight br outer top": 25,
        "bottom bumper fl": 26,
        "bottom bumper bl": 27,
        "bottom bumper br": 28,
        "bottom bumper fr": 29,
        "side window back l": 30,
        "side window back r": 31
    },
    "vertices": [
        [
            -0.798712,
            -0.304642,
            1.141225
        ],
        [
            -0.798712,
            -0.305962,
            -1.241572
        ],
        [
            0.80318,
            -0.303977,
            -1.244674
        ],
        [
            0.803181,
            -0.303977,
            1.141225
        ],
        [
            0.47401,
            -1.22266,
            0.20627
        ],
        [
            -0.469541,
            -1.22266,
            0.20627
        ],
        [
            -0.633098,
            -0.87577,
            0.661288
        ],
        [
            0.637566,
            -0.875772,
            0.661288
        ],
        [
            -0.456225,
            -1.267443,
            -0.994779
        ],
        [
            0.487723,
            -1.2471,
            -1.015349
        ],
        [
            0.523044,
            -1.006084,
            -1.711762
        ],
        [
            -0.518575,
            -1.006084,
            -1.711762
        ],
        [
            -0.906313,
            -0.991381,
            0.286746
        ],
        [
            0.910208,
            -0.991382,
            0.286746
        ],
        [
            0.258363,
            -0.340218,
            2.081622
        ],
        [
            -0.255208,
            -0.340217,
            2.081622
        ],
        [
            -0.255208,
            -0.720488,
            -1.845202
        ],
        [
            0.258363,
            -0.720488,
            -1.845202
        ],
        [
            0.365753,
            -0.530581,
            1.95488
        ],
        [
            0.682514,
            -0.660494,
            1.851446
        ],
        [
            -0.364508,
            -0.529171,
            1.956682
        ],
        [
            -0.677781,
            -0.660494,
            1.851446
        ],
        [
            -0.281921,
            -0.67676,
            -1.848759
        ],
        [
            -0.646941,
            -0.881969,
            -1.692666
        ],
        [
            0.28554,
            -0.67676,
            -1.84876
        ],
        [
            0.651411,
            -0.881969,
            -1.692666
        ],
        [
            -0.700404,
            -0.154757,
            1.855129
        ],
        [
            -0.622219,
            -0.248462,
            -1.86918
        ],
        [
            0.662923,
            -0.241941,
            -1.828553
        ],
        [
            0.683652,
            -0.154622,
            1.87832
        ],
        [
            -0.68967,
            -0.922506,
            -1.235024
        ],
        [
            0.694139,
            -0.922507,
            -1.235024
        ]
    ]
}