{
    "car_type": "unknown",
    "name": "Volkswagen_Passat_CC",
    "pts": {
        "fl wheel": 0,
        "bl wheel": 1,
        "br wheel": 2,
        "fr wheel": 3,
        "windshield tr": 4,
        "windshield tl": 5,
        "windshield bl": 6,
        "windshield br": 7,
        "rear window tl": 8,
        "rear window tr": 9,
        "rear window br": 10,
        "rear window bl": 11,
        "rearview mirror l": 12,
        "rearview mirror r": 13,
        "bottom of license fr": 14,
        "bottom of license fl": 15,
        "bottom of license bl": 16,
        "bottom of license br": 17,
        "headlight fr inner bottom": 18,
        "headlight fr outer top": 19,
        "headlight fl inner bottom": 20,
        "headlight fl outer top": 21,
        "headlight bl inner bottom": 22,
        "headlight bl outer top": 23,
        "headlight br inner bottom": 24,
        "headlight br outer top": 25,
        "bottom bumper fl": 26,
        "bottom bumper bl": 27,
        "bottom bumper br": 28,
        "bottom bumper fr": 29,
        "side window back l": 30,
        "side window back r": 31
    },
    "vertices": [
        [
            -0.868994,
            -0.327067,
            1.42504
        ],
        [
            -0.868994,
            -0.327066,
            -1.289679
        ],
        [
            0.868952,
            -0.327066,
            -1.289679
        ],
        [
            0.868952,
            -0.327067,
            1.42504
        ],
        [
            0.608958,
            -1.314461,
            0.362457
        ],
        [
            -0.608729,
            -1.313753,
            0.362856
        ],
        [
            -0.683355,
            -0.983617,
            1.096672
        ],
        [
            0.685077,
            -0.982278,
            1.0966
        ],
        [
            -0.61545,
            -1.236265,
            -1.282886
        ],
        [
            0.616723,
            -1.23698,
            -1.278501
        ],
        [
            0.641307,
            -1.067377,
            -1.718331
        ],
        [
            -0.640534,
            -1.067044,
            -1.718952
        ],
        [
            -1.078474,
            -1.050195,
            0.655031
        ],
        [
            1.078432,
            -1.050195,
            0.655031
        ],
        [
            0.254537,
            -0.45181,
            2.394165
        ],
        [
            -0.253683,
            -0.45181,
            2.394165
        ],
        [
            -0.254537,
            -0.5168,
            -2.40507
        ],
        [
            0.253683,
            -0.5168,
            -2.405069
        ],
        [
            0.5086,
            -0.635167,
            2.253144
        ],
        [
            0.855751,
            -0.780087,
            1.736755
        ],
        [
            -0.508636,
            -0.635167,
            2.253144
        ],
        [
            -0.855794,
            -0.780087,
            1.736755
        ],
        [
            -0.31593,
            -0.790939,
            -2.315732
        ],
        [
            -0.815775,
            -0.933491,
            -1.871476
        ],
        [
            0.315887,
            -0.790939,
            -2.315732
        ],
        [
            0.815732,
            -0.933491,
            -1.871476
        ],
        [
            -0.783286,
            -0.249059,
            1.99866
        ],
        [
            -0.755054,
            -0.282783,
            -2.033684
        ],
        [
            0.74929,
            -0.283988,
            -2.04971
        ],
        [
            0.800201,
            -0.245222,
            1.968263
        ],
        [
            -0.73881,
            -1.088945,
            -1.229276
        ],
        [
            0.738767,
            -1.088945,
            -1.229276
        ]
    ]
}