{
    "car_type": "unknown",
    "name": "Audi_RS7",
    "pts": {
        "fl wheel": 0,
        "bl wheel": 1,
        "br wheel": 2,
        "fr wheel": 3,
        "windshield tr": 4,
        "windshield tl": 5,
        "windshield bl": 6,
        "windshield br": 7,
        "rear window tl": 8,
        "rear window tr": 9,
        "rear window br": 10,
        "rear window bl": 11,
        "rearview mirror l": 12,
        "rearview mirror r": 13,
        "bottom of license fr": 14,
        "bottom of license fl": 15,
        "bottom of license bl": 16,
        "bottom of license br": 17,
        "headlight fr inner bottom": 18,
        "headlight fr outer top": 19,
        "headlight fl inner bottom": 20,
        "headlight fl outer top": 21,
        "headlight bl inner bottom": 22,
        "headlight bl outer top": 23,
        "headlight br inner bottom": 24,
        "headlight br outer top": 25,
        "bottom bumper fl": 26,
        "bottom bumper bl": 27,
        "bottom bumper br": 28,
        "bottom bumper fr": 29,
        "side window back l": 30,
        "side window back r": 31
    },
    "vertices": [
        [
            -0.907224,
            -0.353637,
            1.63002
        ],
        [
            -0.907224,
            -0.353871,
            -1.284335
        ],
        [
            0.907722,
            -0.353871,
            -1.284335
        ],
        [
            0.907723,
            -0.353637,
            1.63002
        ],
        [
            0.605176,
            -1.312819,
            0.401105
        ],
        [
            -0.605186,
            -1.314324,
            0.401088
        ],
        [
            -0.756545,
            -0.973899,
            1.090542
        ],
        [
            0.757648,
            -0.974291,
            1.089148
        ],
        [
            -0.572788,
            -1.253219,
            -1.218678
        ],
        [
            0.572349,
            -1.252324,
            -1.216482
        ],
        [
            0.518027,
            -1.044465,
            -1.923195
        ],
        [
            -0.517808,
            -1.044605,
            -1.924666
        ],
        [
            -1.046958,
            -1.064627,
            0.659251
        ],
        [
            1.047748,
            -1.064892,
            0.659405
        ],
        [
            0.26396,
            -0.423556,
            2.539434
        ],
        [
            -0.26381,
            -0.423556,
            2.539414
        ],
        [
            -0.254944,
            -0.697043,
            -2.31728
        ],
        [
            0.255441,
            -0.697043,
            -2.31728
        ],
        [
            0.513507,
            -0.609954,
            2.426948
        ],
        [
            0.859843,
            -0.730865,
            2.0891
        ],
        [
            -0.513259,
            -0.610197,
            2.426992
        ],
        [
            -0.858796,
            -0.73128,
            2.089472
        ],
        [
            -0.520445,
            -0.759642,
            -2.243544
        ],
        [
            -0.791479,
            -0.862293,
            -2.082809
        ],
        [
            0.521812,
            -0.759738,
            -2.248234
        ],
        [
            0.787527,
            -0.865687,
            -2.087085
        ],
        [
            -0.798537,
            -0.213194,
            2.310518
        ],
        [
            -0.735888,
            -0.299471,
            -2.138041
        ],
        [
            0.737803,
            -0.299261,
            -2.13648
        ],
        [
            0.799038,
            -0.213194,
            2.310517
        ],
        [
            -0.690734,
            -1.114067,
            -1.377609
        ],
        [
            0.69123,
            -1.11362,
            -1.379474
        ]
    ]
}