{
    "car_type": "unknown",
    "name": "Audi_Q7",
    "pts": {
        "fl wheel": 0,
        "bl wheel": 1,
        "br wheel": 2,
        "fr wheel": 3,
        "windshield tr": 4,
        "windshield tl": 5,
        "windshield bl": 6,
        "windshield br": 7,
        "rear window tl": 8,
        "rear window tr": 9,
        "rear window br": 10,
        "rear window bl": 11,
        "rearview mirror l": 12,
        "rearview mirror r": 13,
        "bottom of license fr": 14,
        "bottom of license fl": 15,
        "bottom of license bl": 16,
        "bottom of license br": 17,
        "headlight fr inner bottom": 18,
        "headlight fr outer top": 19,
        "headlight fl inner bottom": 20,
        "headlight fl outer top": 21,
        "headlight bl inner bottom": 22,
        "headlight bl outer top": 23,
        "headlight br inner bottom": 24,
        "headlight br outer top": 25,
        "bottom bumper fl": 26,
        "bottom bumper bl": 27,
        "bottom bumper br": 28,
        "bottom bumper fr": 29,
        "side window back l": 30,
        "side window back r": 31
    },
    "vertices": [
        [
            -0.936365,
            -0.379554,
            1.522705
        ],
        [
            -0.936365,
            -0.379553,
            -1.486575
        ],
        [
            0.928468,
            -0.379597,
            -1.490456
        ],
        [
            0.928468,
            -0.379598,
            1.518825
        ],
        [
            0.643217,
            -1.595105,
            0.318922
        ],
        [
            -0.650851,
            -1.595578,
            0.318922
        ],
        [
            -0.73513,
            -1.212595,
            1.107798
        ],
        [
            0.727122,
            -1.212595,
            1.107798
        ],
        [
            -0.659869,
            -1.491958,
            -1.994629
        ],
        [
            0.651855,
            -1.491958,
            -1.994629
        ],
        [
            0.632295,
            -1.220422,
            -2.337862
        ],
        [
            -0.666361,
            -1.23707,
            -2.310897
        ],
        [
            -1.071113,
            -1.357644,
            0.568716
        ],
        [
            1.063217,
            -1.357692,
            0.564843
        ],
        [
            0.256047,
            -0.649234,
            2.458665
        ],
        [
            -0.255193,
            -0.649234,
            2.458665
        ],
        [
            -0.256047,
            -0.871345,
            -2.481905
        ],
        [
            0.255193,
            -0.871346,
            -2.481905
        ],
        [
            0.512228,
            -0.817604,
            2.328047
        ],
        [
            0.857135,
            -0.995743,
            1.812997
        ],
        [
            -0.520237,
            -0.817604,
            2.328047
        ],
        [
            -0.865241,
            -0.995743,
            1.812997
        ],
        [
            -0.416924,
            -1.00223,
            -2.484278
        ],
        [
            -0.855862,
            -1.13379,
            -2.125026
        ],
        [
            0.408914,
            -1.00223,
            -2.484278
        ],
        [
            0.847847,
            -1.13379,
            -2.125026
        ],
        [
            -0.788997,
            -0.32268,
            2.154078
        ],
        [
            -0.822514,
            -0.435966,
            -2.346041
        ],
        [
            0.814501,
            -0.435966,
            -2.346041
        ],
        [
            0.780988,
            -0.32268,
            2.154078
        ],
        [
            -0.787329,
            -1.237014,
            -1.972915
        ],
        [
            0.779227,
            -1.236888,
            -1.972915
        ]
    ]
}