{
    "car_type": "unknown",
    "name": "BMW_M3_GTS",
    "pts": {
        "fl wheel": 0,
        "bl wheel": 1,
        "br wheel": 2,
        "fr wheel": 3,
        "windshield tr": 4,
        "windshield tl": 5,
        "windshield bl": 6,
        "windshield br": 7,
        "rear window tl": 8,
        "rear window tr": 9,
        "rear window br": 10,
        "rear window bl": 11,
        "rearview mirror l": 12,
        "rearview mirror r": 13,
        "bottom of license fr": 14,
        "bottom of license fl": 15,
        "bottom of license bl": 16,
        "bottom of license br": 17,
        "headlight fr inner bottom": 18,
        "headlight fr outer top": 19,
        "headlight fl inner bottom": 20,
        "headlight fl outer top": 21,
        "headlight bl inner bottom": 22,
        "headlight bl outer top": 23,
        "headlight br inner bottom": 24,
        "headlight br outer top": 25,
        "bottom bumper fl": 26,
        "bottom bumper bl": 27,
        "bottom bumper br": 28,
        "bottom bumper fr": 29,
        "side window back l": 30,
        "side window back r": 31
    },
    "vertices": [
        [
            -0.92434,
            -0.345991,
            1.5191
        ],
        [
            -0.95122,
            -0.341133,
            -1.203601
        ],
        [
            0.960158,
            -0.341116,
            -1.200238
        ],
        [
            0.930753,
            -0.345974,
            1.551919
        ],
        [
            0.605618,
            -1.296298,
            0.300597
        ],
        [
            -0.603593,
            -1.296298,
            0.300597
        ],
        [
            -0.760581,
            -0.966846,
            0.913627
        ],
        [
            0.762607,
            -0.966845,
            0.913627
        ],
        [
            -0.60021,
            -1.300635,
            -0.970814
        ],
        [
            0.601559,
            -1.300634,
            -0.970814
        ],
        [
            0.652308,
            -1.05844,
            -1.598115
        ],
        [
            -0.650961,
            -1.058441,
            -1.598115
        ],
        [
            -1.062715,
            -1.036387,
            0.544533
        ],
        [
            1.064743,
            -1.036386,
            0.544533
        ],
        [
            0.256047,
            -0.39423,
            2.327471
        ],
        [
            -0.255193,
            -0.39423,
            2.327471
        ],
        [
            -0.256047,
            -0.747001,
            -2.13469
        ],
        [
            0.255193,
            -0.747001,
            -2.13469
        ],
        [
            0.465888,
            -0.599775,
            2.202785
        ],
        [
            0.878994,
            -0.70723,
            1.853613
        ],
        [
            -0.463861,
            -0.599775,
            2.202785
        ],
        [
            -0.876969,
            -0.707237,
            1.85237
        ],
        [
            -0.395179,
            -0.805643,
            -2.124604
        ],
        [
            -0.832309,
            -0.884953,
            -1.791253
        ],
        [
            0.396527,
            -0.805643,
            -2.124604
        ],
        [
            0.833657,
            -0.884953,
            -1.791253
        ],
        [
            -0.830956,
            -0.188212,
            2.049189
        ],
        [
            -0.715583,
            -0.308167,
            -2.072596
        ],
        [
            0.716933,
            -0.308167,
            -2.072596
        ],
        [
            0.83298,
            -0.188212,
            2.049189
        ],
        [
            -0.762611,
            -1.094618,
            -1.156815
        ],
        [
            0.76396,
            -1.094618,
            -1.156815
        ]
    ]
}