{
    "car_type": "unknown",
    "name": "BMW_X5",
    "pts": {
        "fl wheel": 0,
        "bl wheel": 1,
        "br wheel": 2,
        "fr wheel": 3,
        "windshield tr": 4,
        "windshield tl": 5,
        "windshield bl": 6,
        "windshield br": 7,
        "rear window tl": 8,
        "rear window tr": 9,
        "rear window br": 10,
        "rear window bl": 11,
        "rearview mirror l": 12,
        "rearview mirror r": 13,
        "bottom of license fr": 14,
        "bottom of license fl": 15,
        "bottom of license bl": 16,
        "bottom of license br": 17,
        "headlight fr inner bottom": 18,
        "headlight fr outer top": 19,
        "headlight fl inner bottom": 20,
        "headlight fl outer top": 21,
        "headlight bl inner bottom": 22,
        "headlight bl outer top": 23,
        "headlight br inner bottom": 24,
        "headlight br outer top": 25,
        "bottom bumper fl": 26,
        "bottom bumper bl": 27,
        "bottom bumper br": 28,
        "bottom bumper fr": 29,
        "side window back l": 30,
        "side window back r": 31
    },
    "vertices": [
        [
            -0.906917,
            -0.382095,
            1.511172
        ],
        [
            -0.901108,
            -0.382095,
            -1.436792
        ],
        [
            0.901976,
            -0.382095,
            -1.436792
        ],
        [
            0.907788,
            -0.382095,
            1.511172
        ],
        [
            0.643443,
            -1.605402,
            0.255856
        ],
        [
            -0.635535,
            -1.610131,
            0.252046
        ],
        [
            -0.760093,
            -1.195611,
            0.905378
        ],
        [
            0.760964,
            -1.195611,
            0.905378
        ],
        [
            -0.630968,
            -1.5244,
            -1.863562
        ],
        [
            0.631839,
            -1.5244,
            -1.863562
        ],
        [
            0.646322,
            -1.268778,
            -2.221738
        ],
        [
            -0.645448,
            -1.268778,
            -2.221738
        ],
        [
            -1.023245,
            -1.277405,
            0.493541
        ],
        [
            1.010095,
            -1.286494,
            0.497709
        ],
        [
            0.256047,
            -0.48092,
            2.398775
        ],
        [
            -0.255193,
            -0.48092,
            2.398775
        ],
        [
            -0.256047,
            -0.956879,
            -2.372312
        ],
        [
            0.255193,
            -0.956879,
            -2.372312
        ],
        [
            0.43559,
            -0.787925,
            2.293262
        ],
        [
            0.880149,
            -0.909119,
            1.82542
        ],
        [
            -0.427552,
            -0.785917,
            2.290539
        ],
        [
            -0.879276,
            -0.909119,
            1.825419
        ],
        [
            -0.408359,
            -0.955198,
            -2.341871
        ],
        [
            -0.812553,
            -1.138477,
            -1.999396
        ],
        [
            0.409233,
            -0.955198,
            -2.341871
        ],
        [
            0.810033,
            -1.145106,
            -2.002209
        ],
        [
            -0.825781,
            -0.249239,
            2.112732
        ],
        [
            -0.759985,
            -0.335409,
            -2.217366
        ],
        [
            0.760858,
            -0.335409,
            -2.217366
        ],
        [
            0.826654,
            -0.249239,
            2.112732
        ],
        [
            -0.722732,
            -1.365661,
            -1.772094
        ],
        [
            0.723603,
            -1.365661,
            -1.772094
        ]
    ]
}