{
    "car_type": "unknown",
    "name": "BMW_750Li",
    "pts": {
        "fl wheel": 0,
        "bl wheel": 1,
        "br wheel": 2,
        "fr wheel": 3,
        "windshield tr": 4,
        "windshield tl": 5,
        "windshield bl": 6,
        "windshield br": 7,
        "rear window tl": 8,
        "rear window tr": 9,
        "rear window br": 10,
        "rear window bl": 11,
        "rearview mirror l": 12,
        "rearview mirror r": 13,
        "bottom of license fr": 14,
        "bottom of license fl": 15,
        "bottom of license bl": 16,
        "bottom of license br": 17,
        "headlight fr inner bottom": 18,
        "headlight fr outer top": 19,
        "headlight fl inner bottom": 20,
        "headlight fl outer top": 21,
        "headlight bl inner bottom": 22,
        "headlight bl outer top": 23,
        "headlight br inner bottom": 24,
        "headlight br outer top": 25,
        "bottom bumper fl": 26,
        "bottom bumper bl": 27,
        "bottom bumper br": 28,
        "bottom bumper fr": 29,
        "side window back l": 30,
        "side window back r": 31
    },
    "vertices": [
        [
            -0.883412,
            -0.343972,
            1.84525
        ],
        [
            -0.8725,
            -0.343972,
            -1.380858
        ],
        [
            0.873566,
            -0.343972,
            -1.380857
        ],
        [
            0.884488,
            -0.343972,
            1.84525
        ],
        [
            0.617759,
            -1.350129,
            0.443078
        ],
        [
            -0.616684,
            -1.350129,
            0.443078
        ],
        [
            -0.762923,
            -1.003232,
            1.156379
        ],
        [
            0.76399,
            -1.003232,
            1.156379
        ],
        [
            -0.581617,
            -1.357472,
            -1.137875
        ],
        [
            0.582682,
            -1.357472,
            -1.137875
        ],
        [
            0.657499,
            -1.09834,
            -1.815638
        ],
        [
            -0.659009,
            -1.097229,
            -1.811025
        ],
        [
            -1.018172,
            -1.072686,
            0.682644
        ],
        [
            1.019321,
            -1.072685,
            0.682644
        ],
        [
            0.256047,
            -0.399178,
            2.671666
        ],
        [
            -0.255193,
            -0.399178,
            2.671666
        ],
        [
            -0.257384,
            -0.786212,
            -2.443774
        ],
        [
            0.258457,
            -0.786212,
            -2.443774
        ],
        [
            0.459753,
            -0.616689,
            2.592611
        ],
        [
            0.857406,
            -0.788888,
            2.238654
        ],
        [
            -0.458685,
            -0.616698,
            2.59261
        ],
        [
            -0.856336,
            -0.788888,
            2.238654
        ],
        [
            -0.374214,
            -0.770114,
            -2.425925
        ],
        [
            -0.798219,
            -0.945675,
            -2.08847
        ],
        [
            0.375275,
            -0.770114,
            -2.425925
        ],
        [
            0.799285,
            -0.945675,
            -2.08847
        ],
        [
            -0.824758,
            -0.219572,
            2.431929
        ],
        [
            -0.726551,
            -0.276857,
            -2.28668
        ],
        [
            0.727623,
            -0.276857,
            -2.28668
        ],
        [
            0.806884,
            -0.222934,
            2.458169
        ],
        [
            -0.739213,
            -1.141983,
            -1.275974
        ],
        [
            0.732424,
            -1.141983,
            -1.275974
        ]
    ]
}