{
    "car_type": "unknown",
    "name": "Cadillac_Escalade",
    "pts": {
        "fl wheel": 0,
        "bl wheel": 1,
        "br wheel": 2,
        "fr wheel": 3,
        "windshield tr": 4,
        "windshield tl": 5,
        "windshield bl": 6,
        "windshield br": 7,
        "rear window tl": 8,
        "rear window tr": 9,
        "rear window br": 10,
        "rear window bl": 11,
        "rearview mirror l": 12,
        "rearview mirror r": 13,
        "bottom of license fr": 14,
        "bottom of license fl": 15,
        "bottom of license bl": 16,
        "bottom of license br": 17,
        "headlight fr inner bottom": 18,
        "headlight fr outer top": 19,
        "headlight fl inner bottom": 20,
        "headlight fl outer top": 21,
        "headlight bl inner bottom": 22,
        "headlight bl outer top": 23,
        "headlight br inner bottom": 24,
        "headlight br outer top": 25,
        "bottom bumper fl": 26,
        "bottom bumper bl": 27,
        "bottom bumper br": 28,
        "bottom bumper fr": 29,
        "side window back l": 30,
        "side window back r": 31
    },
    "vertices": [
        [
            -0.926962,
            -0.38443,
            1.824689
        ],
        [
            -0.930566,
            -0.38443,
            -1.132707
        ],
        [
            0.939362,
            -0.384431,
            -1.141056
        ],
        [
            0.938479,
            -0.384432,
            1.857821
        ],
        [
            0.715046,
            -1.683872,
            0.908657
        ],
        [
            -0.708795,
            -1.683873,
            0.908657
        ],
        [
            -0.851009,
            -1.242068,
            1.472068
        ],
        [
            0.857265,
            -1.242068,
            1.472068
        ],
        [
            -0.671063,
            -1.707617,
            -1.975178
        ],
        [
            0.674541,
            -1.709079,
            -1.975587
        ],
        [
            0.780627,
            -1.270328,
            -2.178992
        ],
        [
            -0.774173,
            -1.26859,
            -2.181032
        ],
        [
            -1.212394,
            -1.389107,
            1.037814
        ],
        [
            1.220423,
            -1.389107,
            1.037814
        ],
        [
            0.238003,
            -0.507396,
            2.773456
        ],
        [
            -0.237218,
            -0.507396,
            2.768456
        ],
        [
            -0.237641,
            -0.902588,
            -2.246947
        ],
        [
            0.237569,
            -0.906191,
            -2.246947
        ],
        [
            0.670738,
            -0.753554,
            2.597294
        ],
        [
            0.930827,
            -1.042488,
            2.36827
        ],
        [
            -0.662369,
            -0.755949,
            2.59784
        ],
        [
            -0.922944,
            -1.043944,
            2.369912
        ],
        [
            -0.801721,
            -0.799952,
            -2.192263
        ],
        [
            -0.905891,
            -1.245789,
            -2.030747
        ],
        [
            0.808696,
            -0.797681,
            -2.191861
        ],
        [
            0.911058,
            -1.24882,
            -2.033413
        ],
        [
            -0.86575,
            -0.203856,
            2.429018
        ],
        [
            -0.821046,
            -0.364064,
            -2.149108
        ],
        [
            0.82907,
            -0.364064,
            -2.149108
        ],
        [
            0.858308,
            -0.203869,
            2.45218
        ],
        [
            -0.902513,
            -1.259925,
            -2.026718
        ],
        [
            0.909324,
            -1.258081,
            -2.026053
        ]
    ]
}