{
    "car_type": "unknown",
    "name": "Chevrolet_Camaro",
    "pts": {
        "fl wheel": 0,
        "bl wheel": 1,
        "br wheel": 2,
        "fr wheel": 3,
        "windshield tr": 4,
        "windshield tl": 5,
        "windshield bl": 6,
        "windshield br": 7,
        "rear window tl": 8,
        "rear window tr": 9,
        "rear window br": 10,
        "rear window bl": 11,
        "rearview mirror l": 12,
        "rearview mirror r": 13,
        "bottom of license fr": 14,
        "bottom of license fl": 15,
        "bottom of license bl": 16,
        "bottom of license br": 17,
        "headlight fr inner bottom": 18,
        "headlight fr outer top": 19,
        "headlight fl inner bottom": 20,
        "headlight fl outer top": 21,
        "headlight bl inner bottom": 22,
        "headlight bl outer top": 23,
        "headlight br inner bottom": 24,
        "headlight br outer top": 25,
        "bottom bumper fl": 26,
        "bottom bumper bl": 27,
        "bottom bumper br": 28,
        "bottom bumper fr": 29,
        "side window back l": 30,
        "side window back r": 31
    },
    "vertices": [
        [
            -0.91138,
            -0.362399,
            1.663032
        ],
        [
            -0.900849,
            -0.362402,
            -1.201163
        ],
        [
            0.900931,
            -0.362402,
            -1.201163
        ],
        [
            0.911463,
            -0.362402,
            1.663032
        ],
        [
            0.629763,
            -1.274366,
            0.403024
        ],
        [
            -0.629676,
            -1.274366,
            0.403024
        ],
        [
            -0.784442,
            -0.957416,
            0.986022
        ],
        [
            0.783664,
            -0.963489,
            0.993162
        ],
        [
            -0.524046,
            -1.277821,
            -0.970584
        ],
        [
            0.525562,
            -1.277344,
            -0.971729
        ],
        [
            0.519878,
            -1.079197,
            -1.598736
        ],
        [
            -0.519791,
            -1.079198,
            -1.598736
        ],
        [
            -1.003968,
            -1.060906,
            0.535283
        ],
        [
            1.005488,
            -1.063215,
            0.535347
        ],
        [
            0.256047,
            -0.421848,
            2.530733
        ],
        [
            -0.255193,
            -0.421848,
            2.530733
        ],
        [
            -0.256047,
            -0.624065,
            -2.221702
        ],
        [
            0.255193,
            -0.624065,
            -2.221702
        ],
        [
            0.593564,
            -0.616589,
            2.256752
        ],
        [
            0.798732,
            -0.754353,
            2.211973
        ],
        [
            -0.591072,
            -0.61619,
            2.257229
        ],
        [
            -0.796718,
            -0.753521,
            2.210951
        ],
        [
            -0.375417,
            -0.838786,
            -2.134291
        ],
        [
            -0.761635,
            -0.949881,
            -1.972348
        ],
        [
            0.374074,
            -0.838033,
            -2.134617
        ],
        [
            0.762719,
            -0.949331,
            -1.96913
        ],
        [
            -0.833056,
            -0.183437,
            2.289716
        ],
        [
            -0.746117,
            -0.25519,
            -1.948763
        ],
        [
            0.737931,
            -0.261378,
            -1.967928
        ],
        [
            0.820249,
            -0.183621,
            2.30126
        ],
        [
            -0.722647,
            -1.081028,
            -0.938667
        ],
        [
            0.720171,
            -1.079973,
            -0.935002
        ]
    ]
}