{
    "car_type": "unknown",
    "name": "Chevrolet_Spark",
    "pts": {
        "fl wheel": 0,
        "bl wheel": 1,
        "br wheel": 2,
        "fr wheel": 3,
        "windshield tr": 4,
        "windshield tl": 5,
        "windshield bl": 6,
        "windshield br": 7,
        "rear window tl": 8,
        "rear window tr": 9,
        "rear window br": 10,
        "rear window bl": 11,
        "rearview mirror l": 12,
        "rearview mirror r": 13,
        "bottom of license fr": 14,
        "bottom of license fl": 15,
        "bottom of license bl": 16,
        "bottom of license br": 17,
        "headlight fr inner bottom": 18,
        "headlight fr outer top": 19,
        "headlight fl inner bottom": 20,
        "headlight fl outer top": 21,
        "headlight bl inner bottom": 22,
        "headlight bl outer top": 23,
        "headlight br inner bottom": 24,
        "headlight br outer top": 25,
        "bottom bumper fl": 26,
        "bottom bumper bl": 27,
        "bottom bumper br": 28,
        "bottom bumper fr": 29,
        "side window back l": 30,
        "side window back r": 31
    },
    "vertices": [
        [
            -0.796229,
            -0.226201,
            1.126115
        ],
        [
            -0.796228,
            -0.226202,
            -1.2087
        ],
        [
            0.807971,
            -0.226284,
            -1.209065
        ],
        [
            0.807971,
            -0.226284,
            1.125749
        ],
        [
            0.547235,
            -1.079385,
            0.337017
        ],
        [
            -0.544195,
            -1.079385,
            0.337017
        ],
        [
            -0.61533,
            -0.78943,
            0.992539
        ],
        [
            0.618469,
            -0.791955,
            0.995803
        ],
        [
            -0.464228,
            -1.060878,
            -1.329594
        ],
        [
            0.483968,
            -1.059246,
            -1.355214
        ],
        [
            0.475308,
            -0.798428,
            -1.536996
        ],
        [
            -0.472269,
            -0.798428,
            -1.536996
        ],
        [
            -0.909149,
            -0.829984,
            0.436281
        ],
        [
            0.938892,
            -0.828934,
            0.441876
        ],
        [
            0.256179,
            -0.297759,
            1.903941
        ],
        [
            -0.25314,
            -0.297759,
            1.903941
        ],
        [
            -0.257644,
            -0.579316,
            -1.650448
        ],
        [
            0.256327,
            -0.576959,
            -1.650448
        ],
        [
            0.418782,
            -0.453663,
            1.769043
        ],
        [
            0.69354,
            -0.731567,
            1.158345
        ],
        [
            -0.415743,
            -0.453663,
            1.769043
        ],
        [
            -0.6905,
            -0.731567,
            1.158345
        ],
        [
            -0.438031,
            -0.601921,
            -1.628833
        ],
        [
            -0.643115,
            -0.87398,
            -1.381581
        ],
        [
            0.440368,
            -0.596993,
            -1.628584
        ],
        [
            0.641955,
            -0.874902,
            -1.382263
        ],
        [
            -0.716308,
            -0.15226,
            1.531192
        ],
        [
            -0.72291,
            -0.255504,
            -1.549288
        ],
        [
            0.704176,
            -0.244627,
            -1.555081
        ],
        [
            0.719348,
            -0.15226,
            1.531192
        ],
        [
            -0.584703,
            -1.024462,
            -1.165928
        ],
        [
            0.587735,
            -1.024478,
            -1.16593
        ]
    ]
}