{
    "car_type": "unknown",
    "name": "Chevrolet_Malibu_Premier",
    "pts": {
        "fl wheel": 0,
        "bl wheel": 1,
        "br wheel": 2,
        "fr wheel": 3,
        "windshield tr": 4,
        "windshield tl": 5,
        "windshield bl": 6,
        "windshield br": 7,
        "rear window tl": 8,
        "rear window tr": 9,
        "rear window br": 10,
        "rear window bl": 11,
        "rearview mirror l": 12,
        "rearview mirror r": 13,
        "bottom of license fr": 14,
        "bottom of license fl": 15,
        "bottom of license bl": 16,
        "bottom of license br": 17,
        "headlight fr inner bottom": 18,
        "headlight fr outer top": 19,
        "headlight fl inner bottom": 20,
        "headlight fl outer top": 21,
        "headlight bl inner bottom": 22,
        "headlight bl outer top": 23,
        "headlight br inner bottom": 24,
        "headlight br outer top": 25,
        "bottom bumper fl": 26,
        "bottom bumper bl": 27,
        "bottom bumper br": 28,
        "bottom bumper fr": 29,
        "side window back l": 30,
        "side window back r": 31
    },
    "vertices": [
        [
            -0.897611,
            -0.336558,
            1.461184
        ],
        [
            -0.897563,
            -0.336565,
            -1.386655
        ],
        [
            0.897567,
            -0.336565,
            -1.388814
        ],
        [
            0.89766,
            -0.33655,
            1.459126
        ],
        [
            0.654103,
            -1.337618,
            0.314786
        ],
        [
            -0.648918,
            -1.339218,
            0.313587
        ],
        [
            -0.754143,
            -1.005467,
            1.052527
        ],
        [
            0.803997,
            -0.928071,
            0.939255
        ],
        [
            -0.607946,
            -1.310431,
            -1.19104
        ],
        [
            0.607947,
            -1.310431,
            -1.19104
        ],
        [
            0.577512,
            -1.100727,
            -1.888946
        ],
        [
            -0.577511,
            -1.100727,
            -1.888946
        ],
        [
            -1.060483,
            -1.070534,
            0.552968
        ],
        [
            1.060344,
            -1.068665,
            0.567814
        ],
        [
            0.22633,
            -0.379802,
            2.417242
        ],
        [
            -0.235745,
            -0.37818,
            2.415236
        ],
        [
            -0.255473,
            -0.753596,
            -2.310631
        ],
        [
            0.256327,
            -0.753596,
            -2.310631
        ],
        [
            0.450543,
            -0.629569,
            2.326857
        ],
        [
            0.857015,
            -0.765531,
            1.791255
        ],
        [
            -0.453188,
            -0.629604,
            2.326795
        ],
        [
            -0.855109,
            -0.770412,
            1.78663
        ],
        [
            -0.366509,
            -0.804149,
            -2.332402
        ],
        [
            -0.792715,
            -0.91542,
            -2.023169
        ],
        [
            0.366509,
            -0.804149,
            -2.332402
        ],
        [
            0.790732,
            -0.921795,
            -2.025851
        ],
        [
            -0.77169,
            -0.129122,
            2.03949
        ],
        [
            -0.804753,
            -0.269794,
            -2.202224
        ],
        [
            0.804754,
            -0.269794,
            -2.202224
        ],
        [
            0.771688,
            -0.129122,
            2.03949
        ],
        [
            -0.746554,
            -1.079608,
            -1.527004
        ],
        [
            0.732234,
            -1.09964,
            -1.527196
        ]
    ]
}