{
    "car_type": "unknown",
    "name": "Fiat_500",
    "pts": {
        "fl wheel": 0,
        "bl wheel": 1,
        "br wheel": 2,
        "fr wheel": 3,
        "windshield tr": 4,
        "windshield tl": 5,
        "windshield bl": 6,
        "windshield br": 7,
        "rear window tl": 8,
        "rear window tr": 9,
        "rear window br": 10,
        "rear window bl": 11,
        "rearview mirror l": 12,
        "rearview mirror r": 13,
        "bottom of license fr": 14,
        "bottom of license fl": 15,
        "bottom of license bl": 16,
        "bottom of license br": 17,
        "headlight fr inner bottom": 18,
        "headlight fr outer top": 19,
        "headlight fl inner bottom": 20,
        "headlight fl outer top": 21,
        "headlight bl inner bottom": 22,
        "headlight bl outer top": 23,
        "headlight br inner bottom": 24,
        "headlight br outer top": 25,
        "bottom bumper fl": 26,
        "bottom bumper bl": 27,
        "bottom bumper br": 28,
        "bottom bumper fr": 29,
        "side window back l": 30,
        "side window back r": 31
    },
    "vertices": [
        [
            -0.758267,
            -0.278867,
            1.092242
        ],
        [
            -0.758267,
            -0.267103,
            -1.235203
        ],
        [
            0.758267,
            -0.278867,
            -1.246842
        ],
        [
            0.758267,
            -0.278867,
            1.080501
        ],
        [
            0.504416,
            -1.369711,
            0.255608
        ],
        [
            -0.502431,
            -1.370687,
            0.256737
        ],
        [
            -0.655348,
            -0.977526,
            0.926865
        ],
        [
            0.659837,
            -0.977808,
            0.918222
        ],
        [
            -0.423829,
            -1.32072,
            -1.175841
        ],
        [
            0.424989,
            -1.321996,
            -1.172977
        ],
        [
            0.471157,
            -1.096181,
            -1.420429
        ],
        [
            -0.471981,
            -1.094766,
            -1.42204
        ],
        [
            -0.928355,
            -1.096191,
            0.506958
        ],
        [
            0.929637,
            -1.095196,
            0.512376
        ],
        [
            0.244654,
            -0.448829,
            1.781116
        ],
        [
            -0.243395,
            -0.449803,
            1.78255
        ],
        [
            -0.240564,
            -0.749996,
            -1.671844
        ],
        [
            0.2446,
            -0.747142,
            -1.67016
        ],
        [
            0.476339,
            -0.67589,
            1.656808
        ],
        [
            0.59855,
            -0.803233,
            1.474201
        ],
        [
            -0.463889,
            -0.689162,
            1.657143
        ],
        [
            -0.597221,
            -0.806218,
            1.471228
        ],
        [
            -0.480869,
            -0.717682,
            -1.677389
        ],
        [
            -0.63394,
            -0.915127,
            -1.481652
        ],
        [
            0.484887,
            -0.722198,
            -1.681711
        ],
        [
            0.629489,
            -0.919829,
            -1.482549
        ],
        [
            -0.654605,
            -0.253303,
            1.564355
        ],
        [
            -0.703068,
            -0.266792,
            -1.61461
        ],
        [
            0.693263,
            -0.272361,
            -1.63325
        ],
        [
            0.639981,
            -0.249486,
            1.576904
        ],
        [
            -0.689463,
            -1.022341,
            -1.140639
        ],
        [
            0.686556,
            -1.032274,
            -1.134655
        ]
    ]
}