{
    "car_type": "unknown",
    "name": "Ford_Focus",
    "pts": {
        "fl wheel": 0,
        "bl wheel": 1,
        "br wheel": 2,
        "fr wheel": 3,
        "windshield tr": 4,
        "windshield tl": 5,
        "windshield bl": 6,
        "windshield br": 7,
        "rear window tl": 8,
        "rear window tr": 9,
        "rear window br": 10,
        "rear window bl": 11,
        "rearview mirror l": 12,
        "rearview mirror r": 13,
        "bottom of license fr": 14,
        "bottom of license fl": 15,
        "bottom of license bl": 16,
        "bottom of license br": 17,
        "headlight fr inner bottom": 18,
        "headlight fr outer top": 19,
        "headlight fl inner bottom": 20,
        "headlight fl outer top": 21,
        "headlight bl inner bottom": 22,
        "headlight bl outer top": 23,
        "headlight br inner bottom": 24,
        "headlight br outer top": 25,
        "bottom bumper fl": 26,
        "bottom bumper bl": 27,
        "bottom bumper br": 28,
        "bottom bumper fr": 29,
        "side window back l": 30,
        "side window back r": 31
    },
    "vertices": [
        [
            -0.870909,
            -0.329575,
            1.272863
        ],
        [
            -0.870909,
            -0.329574,
            -1.383707
        ],
        [
            0.874373,
            -0.329573,
            -1.383707
        ],
        [
            0.874373,
            -0.329574,
            1.272863
        ],
        [
            0.610525,
            -1.379588,
            0.216553
        ],
        [
            -0.612813,
            -1.379588,
            0.216553
        ],
        [
            -0.709155,
            -1.008453,
            1.066984
        ],
        [
            0.706867,
            -1.008453,
            1.066984
        ],
        [
            -0.62512,
            -1.274695,
            -1.574744
        ],
        [
            0.622835,
            -1.274695,
            -1.574744
        ],
        [
            0.510434,
            -1.089242,
            -1.962518
        ],
        [
            -0.512723,
            -1.089242,
            -1.962518
        ],
        [
            -1.008001,
            -1.093253,
            0.568889
        ],
        [
            0.946881,
            -1.0975,
            0.507711
        ],
        [
            0.260605,
            -0.498861,
            2.142841
        ],
        [
            -0.260346,
            -0.498868,
            2.143106
        ],
        [
            -0.267287,
            -0.757178,
            -2.07501
        ],
        [
            0.264998,
            -0.757178,
            -2.07501
        ],
        [
            0.502647,
            -0.664036,
            2.022366
        ],
        [
            0.779943,
            -0.861975,
            1.496341
        ],
        [
            -0.504936,
            -0.664036,
            2.022366
        ],
        [
            -0.78223,
            -0.861975,
            1.496341
        ],
        [
            -0.616912,
            -0.864411,
            -2.00311
        ],
        [
            -0.825785,
            -1.021449,
            -1.439998
        ],
        [
            0.614623,
            -0.864411,
            -2.00311
        ],
        [
            0.823497,
            -1.021449,
            -1.439998
        ],
        [
            -0.695985,
            -0.265934,
            1.932951
        ],
        [
            -0.761992,
            -0.301178,
            -1.942381
        ],
        [
            0.759702,
            -0.301178,
            -1.942381
        ],
        [
            0.734882,
            -0.267481,
            1.88152
        ],
        [
            -0.683281,
            -1.218097,
            -1.544666
        ],
        [
            0.680993,
            -1.218097,
            -1.544666
        ]
    ]
}