{
    "car_type": "unknown",
    "name": "Ford_Mondeo",
    "pts": {
        "fl wheel": 0,
        "bl wheel": 1,
        "br wheel": 2,
        "fr wheel": 3,
        "windshield tr": 4,
        "windshield tl": 5,
        "windshield bl": 6,
        "windshield br": 7,
        "rear window tl": 8,
        "rear window tr": 9,
        "rear window br": 10,
        "rear window bl": 11,
        "rearview mirror l": 12,
        "rearview mirror r": 13,
        "bottom of license fr": 14,
        "bottom of license fl": 15,
        "bottom of license bl": 16,
        "bottom of license br": 17,
        "headlight fr inner bottom": 18,
        "headlight fr outer top": 19,
        "headlight fl inner bottom": 20,
        "headlight fl outer top": 21,
        "headlight bl inner bottom": 22,
        "headlight bl outer top": 23,
        "headlight br inner bottom": 24,
        "headlight br outer top": 25,
        "bottom bumper fl": 26,
        "bottom bumper bl": 27,
        "bottom bumper br": 28,
        "bottom bumper fr": 29,
        "side window back l": 30,
        "side window back r": 31
    },
    "vertices": [
        [
            -0.900184,
            -0.348402,
            1.611477
        ],
        [
            -0.900184,
            -0.348402,
            -1.310293
        ],
        [
            0.89952,
            -0.348402,
            -1.310293
        ],
        [
            0.89952,
            -0.348402,
            1.611478
        ],
        [
            0.62629,
            -1.36313,
            0.503954
        ],
        [
            -0.626934,
            -1.36313,
            0.503954
        ],
        [
            -0.738578,
            -1.030659,
            1.195093
        ],
        [
            0.737932,
            -1.030659,
            1.195094
        ],
        [
            -0.603192,
            -1.340415,
            -1.139139
        ],
        [
            0.602548,
            -1.340415,
            -1.139139
        ],
        [
            0.617761,
            -1.13672,
            -1.825676
        ],
        [
            -0.618404,
            -1.13672,
            -1.825676
        ],
        [
            -1.007246,
            -1.12369,
            0.746321
        ],
        [
            1.006602,
            -1.12369,
            0.746321
        ],
        [
            0.258497,
            -0.44857,
            2.546369
        ],
        [
            -0.255473,
            -0.446213,
            2.546369
        ],
        [
            -0.259917,
            -0.813292,
            -2.238759
        ],
        [
            0.259063,
            -0.813292,
            -2.238759
        ],
        [
            0.571687,
            -0.695395,
            2.422631
        ],
        [
            0.88217,
            -0.822218,
            1.908949
        ],
        [
            -0.572331,
            -0.695395,
            2.422631
        ],
        [
            -0.882814,
            -0.822218,
            1.908949
        ],
        [
            -0.434421,
            -0.863349,
            -2.217188
        ],
        [
            -0.823978,
            -0.923217,
            -1.821874
        ],
        [
            0.433777,
            -0.863349,
            -2.217188
        ],
        [
            0.823334,
            -0.923217,
            -1.821874
        ],
        [
            -0.78202,
            -0.233438,
            2.156054
        ],
        [
            -0.76462,
            -0.266059,
            -1.966508
        ],
        [
            0.763974,
            -0.266059,
            -1.966508
        ],
        [
            0.82706,
            -0.223358,
            2.062687
        ],
        [
            -0.725931,
            -1.16059,
            -1.41734
        ],
        [
            0.725287,
            -1.16059,
            -1.41734
        ]
    ]
}