{
    "car_type": "unknown",
    "name": "Hyundai_Tucson",
    "pts": {
        "fl wheel": 0,
        "bl wheel": 1,
        "br wheel": 2,
        "fr wheel": 3,
        "windshield tr": 4,
        "windshield tl": 5,
        "windshield bl": 6,
        "windshield br": 7,
        "rear window tl": 8,
        "rear window tr": 9,
        "rear window br": 10,
        "rear window bl": 11,
        "rearview mirror l": 12,
        "rearview mirror r": 13,
        "bottom of license fr": 14,
        "bottom of license fl": 15,
        "bottom of license bl": 16,
        "bottom of license br": 17,
        "headlight fr inner bottom": 18,
        "headlight fr outer top": 19,
        "headlight fl inner bottom": 20,
        "headlight fl outer top": 21,
        "headlight bl inner bottom": 22,
        "headlight bl outer top": 23,
        "headlight br inner bottom": 24,
        "headlight br outer top": 25,
        "bottom bumper fl": 26,
        "bottom bumper bl": 27,
        "bottom bumper br": 28,
        "bottom bumper fr": 29,
        "side window back l": 30,
        "side window back r": 31
    },
    "vertices": [
        [
            -0.800624,
            -0.355981,
            1.391229
        ],
        [
            -0.800624,
            -0.355981,
            -1.251265
        ],
        [
            0.801167,
            -0.355981,
            -1.251265
        ],
        [
            0.801167,
            -0.355981,
            1.391229
        ],
        [
            0.540626,
            -1.545366,
            0.356935
        ],
        [
            -0.549415,
            -1.539173,
            0.358863
        ],
        [
            -0.679517,
            -1.138301,
            1.081985
        ],
        [
            0.671104,
            -1.1468,
            1.088089
        ],
        [
            -0.603563,
            -1.36515,
            -1.637717
        ],
        [
            0.604106,
            -1.36515,
            -1.637717
        ],
        [
            0.508835,
            -1.226056,
            -1.932975
        ],
        [
            -0.507758,
            -1.223652,
            -1.931312
        ],
        [
            -0.922097,
            -1.221364,
            0.637988
        ],
        [
            0.922467,
            -1.220936,
            0.642447
        ],
        [
            0.228633,
            -0.396753,
            2.352628
        ],
        [
            -0.228089,
            -0.396753,
            2.352628
        ],
        [
            -0.228769,
            -0.687343,
            -2.087519
        ],
        [
            0.229312,
            -0.687343,
            -2.087519
        ],
        [
            0.495641,
            -0.804982,
            2.186694
        ],
        [
            0.763645,
            -1.012936,
            1.599573
        ],
        [
            -0.495533,
            -0.807722,
            2.184555
        ],
        [
            -0.763102,
            -1.012936,
            1.599573
        ],
        [
            -0.335385,
            -1.094878,
            -2.057758
        ],
        [
            -0.772155,
            -1.104383,
            -1.597275
        ],
        [
            0.375679,
            -1.0625,
            -2.042214
        ],
        [
            0.772698,
            -1.104383,
            -1.597275
        ],
        [
            -0.721151,
            -0.265463,
            2.06958
        ],
        [
            -0.67338,
            -0.335196,
            -1.899164
        ],
        [
            0.71948,
            -0.327762,
            -1.82037
        ],
        [
            0.721694,
            -0.265463,
            2.06958
        ],
        [
            -0.645708,
            -1.394064,
            -1.360107
        ],
        [
            0.644393,
            -1.393354,
            -1.362151
        ]
    ]
}