{
    "car_type": "unknown",
    "name": "Jeep_Cherokee",
    "pts": {
        "fl wheel": 0,
        "bl wheel": 1,
        "br wheel": 2,
        "fr wheel": 3,
        "windshield tr": 4,
        "windshield tl": 5,
        "windshield bl": 6,
        "windshield br": 7,
        "rear window tl": 8,
        "rear window tr": 9,
        "rear window br": 10,
        "rear window bl": 11,
        "rearview mirror l": 12,
        "rearview mirror r": 13,
        "bottom of license fr": 14,
        "bottom of license fl": 15,
        "bottom of license bl": 16,
        "bottom of license br": 17,
        "headlight fr inner bottom": 18,
        "headlight fr outer top": 19,
        "headlight fl inner bottom": 20,
        "headlight fl outer top": 21,
        "headlight bl inner bottom": 22,
        "headlight bl outer top": 23,
        "headlight br inner bottom": 24,
        "headlight br outer top": 25,
        "bottom bumper fl": 26,
        "bottom bumper bl": 27,
        "bottom bumper br": 28,
        "bottom bumper fr": 29,
        "side window back l": 30,
        "side window back r": 31
    },
    "vertices": [
        [
            -0.891781,
            -0.33641,
            1.60376
        ],
        [
            -0.89178,
            -0.336411,
            -1.038336
        ],
        [
            0.891779,
            -0.336411,
            -1.038336
        ],
        [
            0.891779,
            -0.33641,
            1.603761
        ],
        [
            0.69182,
            -1.457937,
            0.569252
        ],
        [
            -0.691821,
            -1.457937,
            0.569252
        ],
        [
            -0.782506,
            -1.076275,
            0.965421
        ],
        [
            0.782504,
            -1.076275,
            0.965421
        ],
        [
            -0.626927,
            -1.489257,
            -1.586252
        ],
        [
            0.626926,
            -1.489257,
            -1.586252
        ],
        [
            0.716793,
            -1.101363,
            -1.754301
        ],
        [
            -0.716794,
            -1.101363,
            -1.754301
        ],
        [
            -1.003197,
            -1.16128,
            0.749749
        ],
        [
            1.003196,
            -1.16128,
            0.749749
        ],
        [
            0.256327,
            -0.506132,
            2.287306
        ],
        [
            -0.257644,
            -0.508489,
            2.282306
        ],
        [
            -0.256047,
            -0.760628,
            -1.799771
        ],
        [
            0.255473,
            -0.756309,
            -1.799771
        ],
        [
            0.496289,
            -0.713253,
            2.214747
        ],
        [
            0.747444,
            -0.866776,
            2.162347
        ],
        [
            -0.496291,
            -0.713253,
            2.214747
        ],
        [
            -0.747446,
            -0.866776,
            2.162347
        ],
        [
            -0.696229,
            -0.665058,
            -1.809602
        ],
        [
            -0.864727,
            -0.911259,
            -1.672642
        ],
        [
            0.696228,
            -0.665058,
            -1.809602
        ],
        [
            0.864726,
            -0.911259,
            -1.672642
        ],
        [
            -0.800101,
            -0.38336,
            2.066401
        ],
        [
            -0.830448,
            -0.479912,
            -1.842231
        ],
        [
            0.830447,
            -0.479912,
            -1.84223
        ],
        [
            0.8001,
            -0.38336,
            2.066401
        ],
        [
            -0.831205,
            -1.092435,
            -1.569086
        ],
        [
            0.831204,
            -1.092435,
            -1.569086
        ]
    ]
}