{
    "car_type": "unknown",
    "name": "Lada_Vesta",
    "pts": {
        "fl wheel": 0,
        "bl wheel": 1,
        "br wheel": 2,
        "fr wheel": 3,
        "windshield tr": 4,
        "windshield tl": 5,
        "windshield bl": 6,
        "windshield br": 7,
        "rear window tl": 8,
        "rear window tr": 9,
        "rear window br": 10,
        "rear window bl": 11,
        "rearview mirror l": 12,
        "rearview mirror r": 13,
        "bottom of license fr": 14,
        "bottom of license fl": 15,
        "bottom of license bl": 16,
        "bottom of license br": 17,
        "headlight fr inner bottom": 18,
        "headlight fr outer top": 19,
        "headlight fl inner bottom": 20,
        "headlight fl outer top": 21,
        "headlight bl inner bottom": 22,
        "headlight bl outer top": 23,
        "headlight br inner bottom": 24,
        "headlight br outer top": 25,
        "bottom bumper fl": 26,
        "bottom bumper bl": 27,
        "bottom bumper br": 28,
        "bottom bumper fr": 29,
        "side window back l": 30,
        "side window back r": 31
    },
    "vertices": [
        [
            -0.818464,
            -0.321005,
            1.513308
        ],
        [
            -0.818463,
            -0.321005,
            -1.177053
        ],
        [
            0.825121,
            -0.321004,
            -1.177053
        ],
        [
            0.82512,
            -0.321004,
            1.513308
        ],
        [
            0.555842,
            -1.373003,
            0.567541
        ],
        [
            -0.56023,
            -1.372025,
            0.567708
        ],
        [
            -0.697342,
            -1.003588,
            1.271359
        ],
        [
            0.696243,
            -1.003588,
            1.271359
        ],
        [
            -0.519981,
            -1.381413,
            -0.904255
        ],
        [
            0.518884,
            -1.381412,
            -0.904255
        ],
        [
            0.573954,
            -1.156499,
            -1.49862
        ],
        [
            -0.575051,
            -1.1565,
            -1.49862
        ],
        [
            -0.945662,
            -1.10867,
            0.731832
        ],
        [
            0.948553,
            -1.105571,
            0.73141
        ],
        [
            0.257221,
            -0.436637,
            2.331018
        ],
        [
            -0.25832,
            -0.436637,
            2.331018
        ],
        [
            -0.248989,
            -0.735351,
            -1.976947
        ],
        [
            0.247892,
            -0.735351,
            -1.976947
        ],
        [
            0.488747,
            -0.617433,
            2.256629
        ],
        [
            0.734557,
            -0.812906,
            1.949326
        ],
        [
            -0.489846,
            -0.617433,
            2.256629
        ],
        [
            -0.735656,
            -0.812906,
            1.949326
        ],
        [
            -0.45768,
            -0.810978,
            -1.979911
        ],
        [
            -0.76496,
            -0.941414,
            -1.693624
        ],
        [
            0.456583,
            -0.810977,
            -1.979911
        ],
        [
            0.763863,
            -0.941414,
            -1.693624
        ],
        [
            -0.697435,
            -0.226943,
            2.065511
        ],
        [
            -0.581309,
            -0.325707,
            -1.841816
        ],
        [
            0.580212,
            -0.325707,
            -1.841816
        ],
        [
            0.69085,
            -0.226975,
            2.072634
        ],
        [
            -0.695423,
            -1.127044,
            -1.262566
        ],
        [
            0.689687,
            -1.133053,
            -1.261722
        ]
    ]
}