{
    "car_type": "unknown",
    "name": "Lada_Priora",
    "pts": {
        "fl wheel": 0,
        "bl wheel": 1,
        "br wheel": 2,
        "fr wheel": 3,
        "windshield tr": 4,
        "windshield tl": 5,
        "windshield bl": 6,
        "windshield br": 7,
        "rear window tl": 8,
        "rear window tr": 9,
        "rear window br": 10,
        "rear window bl": 11,
        "rearview mirror l": 12,
        "rearview mirror r": 13,
        "bottom of license fr": 14,
        "bottom of license fl": 15,
        "bottom of license bl": 16,
        "bottom of license br": 17,
        "headlight fr inner bottom": 18,
        "headlight fr outer top": 19,
        "headlight fl inner bottom": 20,
        "headlight fl outer top": 21,
        "headlight bl inner bottom": 22,
        "headlight bl outer top": 23,
        "headlight br inner bottom": 24,
        "headlight br outer top": 25,
        "bottom bumper fl": 26,
        "bottom bumper bl": 27,
        "bottom bumper br": 28,
        "bottom bumper fr": 29,
        "side window back l": 30,
        "side window back r": 31
    },
    "vertices": [
        [
            -0.710447,
            -0.317789,
            1.309479
        ],
        [
            -0.710447,
            -0.317789,
            -1.236711
        ],
        [
            0.722167,
            -0.317789,
            -1.236711
        ],
        [
            0.722167,
            -0.317789,
            1.309479
        ],
        [
            0.537365,
            -1.311972,
            0.238565
        ],
        [
            -0.532057,
            -1.311972,
            0.238565
        ],
        [
            -0.727828,
            -0.885986,
            0.822183
        ],
        [
            0.73314,
            -0.885986,
            0.822183
        ],
        [
            -0.490386,
            -1.309618,
            -1.091793
        ],
        [
            0.495694,
            -1.309618,
            -1.091793
        ],
        [
            0.589582,
            -0.949979,
            -1.551063
        ],
        [
            -0.589534,
            -0.949979,
            -1.549696
        ],
        [
            -0.909638,
            -1.031675,
            0.468872
        ],
        [
            0.914951,
            -1.031675,
            0.468872
        ],
        [
            0.240471,
            -0.354739,
            2.131907
        ],
        [
            -0.232684,
            -0.354739,
            2.131907
        ],
        [
            -0.237184,
            -0.664968,
            -2.126136
        ],
        [
            0.245023,
            -0.664967,
            -2.126136
        ],
        [
            0.440761,
            -0.539297,
            2.031194
        ],
        [
            0.702869,
            -0.732467,
            1.792951
        ],
        [
            -0.435452,
            -0.539297,
            2.031194
        ],
        [
            -0.697558,
            -0.732467,
            1.792951
        ],
        [
            -0.496757,
            -0.593545,
            -2.10666
        ],
        [
            -0.642101,
            -0.850519,
            -2.046748
        ],
        [
            0.50207,
            -0.593545,
            -2.10666
        ],
        [
            0.647409,
            -0.850519,
            -2.046748
        ],
        [
            -0.615339,
            -0.170738,
            2.001837
        ],
        [
            -0.573006,
            -0.263858,
            -2.103703
        ],
        [
            0.578313,
            -0.263857,
            -2.103703
        ],
        [
            0.620651,
            -0.170738,
            2.001837
        ],
        [
            -0.670282,
            -0.952828,
            -1.394084
        ],
        [
            0.67559,
            -0.952828,
            -1.394084
        ]
    ]
}