{
    "car_type": "unknown",
    "name": "Lancer_Evolution",
    "pts": {
        "fl wheel": 0,
        "bl wheel": 1,
        "br wheel": 2,
        "fr wheel": 3,
        "windshield tr": 4,
        "windshield tl": 5,
        "windshield bl": 6,
        "windshield br": 7,
        "rear window tl": 8,
        "rear window tr": 9,
        "rear window br": 10,
        "rear window bl": 11,
        "rearview mirror l": 12,
        "rearview mirror r": 13,
        "bottom of license fr": 14,
        "bottom of license fl": 15,
        "bottom of license bl": 16,
        "bottom of license br": 17,
        "headlight fr inner bottom": 18,
        "headlight fr outer top": 19,
        "headlight fl inner bottom": 20,
        "headlight fl outer top": 21,
        "headlight bl inner bottom": 22,
        "headlight bl outer top": 23,
        "headlight br inner bottom": 24,
        "headlight br outer top": 25,
        "bottom bumper fl": 26,
        "bottom bumper bl": 27,
        "bottom bumper br": 28,
        "bottom bumper fr": 29,
        "side window back l": 30,
        "side window back r": 31
    },
    "vertices": [
        [
            -0.856429,
            -0.331999,
            1.129596
        ],
        [
            -0.853468,
            -0.331999,
            -1.520245
        ],
        [
            0.852032,
            -0.331998,
            -1.520245
        ],
        [
            0.854993,
            -0.331998,
            1.129597
        ],
        [
            0.573407,
            -1.367232,
            0.040855
        ],
        [
            -0.583326,
            -1.367233,
            0.040855
        ],
        [
            -0.697143,
            -0.984893,
            0.852352
        ],
        [
            0.692252,
            -0.98429,
            0.850953
        ],
        [
            -0.560524,
            -1.373566,
            -1.339841
        ],
        [
            0.550595,
            -1.373566,
            -1.339841
        ],
        [
            0.609337,
            -1.107848,
            -1.883639
        ],
        [
            -0.620838,
            -1.107849,
            -1.883639
        ],
        [
            -0.979686,
            -1.107245,
            0.386266
        ],
        [
            0.971094,
            -1.106943,
            0.385866
        ],
        [
            0.239265,
            -0.445221,
            2.042363
        ],
        [
            -0.239881,
            -0.446981,
            2.042363
        ],
        [
            -0.239265,
            -0.343768,
            -2.392425
        ],
        [
            0.238462,
            -0.343768,
            -2.392425
        ],
        [
            0.456428,
            -0.633074,
            1.93628
        ],
        [
            0.788009,
            -0.768837,
            1.557552
        ],
        [
            -0.467338,
            -0.634116,
            1.93605
        ],
        [
            -0.798424,
            -0.76944,
            1.557552
        ],
        [
            -0.369709,
            -0.87983,
            -2.357533
        ],
        [
            -0.733864,
            -1.015047,
            -2.174432
        ],
        [
            0.357808,
            -0.878724,
            -2.356932
        ],
        [
            0.723938,
            -1.015047,
            -2.174432
        ],
        [
            -0.767132,
            -0.203411,
            1.811147
        ],
        [
            -0.779373,
            -0.285852,
            -2.22333
        ],
        [
            0.769157,
            -0.286857,
            -2.222029
        ],
        [
            0.744765,
            -0.204416,
            1.829546
        ],
        [
            -0.727768,
            -1.113277,
            -1.467493
        ],
        [
            0.719773,
            -1.113277,
            -1.467493
        ]
    ]
}