{
    "car_type": "unknown",
    "name": "Lexus_LX_570",
    "pts": {
        "fl wheel": 0,
        "bl wheel": 1,
        "br wheel": 2,
        "fr wheel": 3,
        "windshield tr": 4,
        "windshield tl": 5,
        "windshield bl": 6,
        "windshield br": 7,
        "rear window tl": 8,
        "rear window tr": 9,
        "rear window br": 10,
        "rear window bl": 11,
        "rearview mirror l": 12,
        "rearview mirror r": 13,
        "bottom of license fr": 14,
        "bottom of license fl": 15,
        "bottom of license bl": 16,
        "bottom of license br": 17,
        "headlight fr inner bottom": 18,
        "headlight fr outer top": 19,
        "headlight fl inner bottom": 20,
        "headlight fl outer top": 21,
        "headlight bl inner bottom": 22,
        "headlight bl outer top": 23,
        "headlight br inner bottom": 24,
        "headlight br outer top": 25,
        "bottom bumper fl": 26,
        "bottom bumper bl": 27,
        "bottom bumper br": 28,
        "bottom bumper fr": 29,
        "side window back l": 30,
        "side window back r": 31
    },
    "vertices": [
        [
            -0.994413,
            -0.414782,
            1.377266
        ],
        [
            -0.98907,
            -0.418187,
            -1.431831
        ],
        [
            0.985111,
            -0.416026,
            -1.441657
        ],
        [
            0.974244,
            -0.42067,
            1.456529
        ],
        [
            0.64002,
            -1.693073,
            0.367389
        ],
        [
            -0.632808,
            -1.690709,
            0.372802
        ],
        [
            -0.753042,
            -1.259547,
            0.963849
        ],
        [
            0.761427,
            -1.259547,
            0.963849
        ],
        [
            -0.629014,
            -1.706176,
            -2.193789
        ],
        [
            0.637396,
            -1.706176,
            -2.193789
        ],
        [
            0.743487,
            -1.343853,
            -2.367536
        ],
        [
            -0.733819,
            -1.348036,
            -2.365977
        ],
        [
            -1.106883,
            -1.418854,
            0.549604
        ],
        [
            1.119047,
            -1.413631,
            0.548956
        ],
        [
            0.255942,
            -0.72758,
            2.445621
        ],
        [
            -0.259942,
            -0.731525,
            2.445621
        ],
        [
            -0.255848,
            -0.819199,
            -2.525728
        ],
        [
            0.257845,
            -0.820763,
            -2.525728
        ],
        [
            0.483282,
            -0.86732,
            2.34439
        ],
        [
            0.873197,
            -1.132867,
            1.680562
        ],
        [
            -0.474894,
            -0.867321,
            2.344391
        ],
        [
            -0.868584,
            -1.125584,
            1.68045
        ],
        [
            -0.457194,
            -1.101231,
            -2.551997
        ],
        [
            -0.839048,
            -1.285145,
            -2.28211
        ],
        [
            0.466848,
            -1.102696,
            -2.552523
        ],
        [
            0.864569,
            -1.270084,
            -2.291541
        ],
        [
            -0.931058,
            -0.332561,
            2.038398
        ],
        [
            -0.878968,
            -0.389414,
            -2.388199
        ],
        [
            0.887348,
            -0.389413,
            -2.388199
        ],
        [
            0.88859,
            -0.339897,
            2.127484
        ],
        [
            -0.778552,
            -1.468473,
            -1.983191
        ],
        [
            0.789149,
            -1.457159,
            -1.980479
        ]
    ]
}