{
    "car_type": "unknown",
    "name": "Mazda_3",
    "pts": {
        "fl wheel": 0,
        "bl wheel": 1,
        "br wheel": 2,
        "fr wheel": 3,
        "windshield tr": 4,
        "windshield tl": 5,
        "windshield bl": 6,
        "windshield br": 7,
        "rear window tl": 8,
        "rear window tr": 9,
        "rear window br": 10,
        "rear window bl": 11,
        "rearview mirror l": 12,
        "rearview mirror r": 13,
        "bottom of license fr": 14,
        "bottom of license fl": 15,
        "bottom of license bl": 16,
        "bottom of license br": 17,
        "headlight fr inner bottom": 18,
        "headlight fr outer top": 19,
        "headlight fl inner bottom": 20,
        "headlight fl outer top": 21,
        "headlight bl inner bottom": 22,
        "headlight bl outer top": 23,
        "headlight br inner bottom": 24,
        "headlight br outer top": 25,
        "bottom bumper fl": 26,
        "bottom bumper bl": 27,
        "bottom bumper br": 28,
        "bottom bumper fr": 29,
        "side window back l": 30,
        "side window back r": 31
    },
    "vertices": [
        [
            -0.862899,
            -0.32533,
            1.513915
        ],
        [
            -0.859089,
            -0.325332,
            -1.18525
        ],
        [
            0.864469,
            -0.325332,
            -1.18285
        ],
        [
            0.860558,
            -0.325229,
            1.516416
        ],
        [
            0.621885,
            -1.33241,
            0.328573
        ],
        [
            -0.621119,
            -1.33241,
            0.326783
        ],
        [
            -0.698437,
            -0.970823,
            1.151614
        ],
        [
            0.696795,
            -0.970823,
            1.153614
        ],
        [
            -0.551722,
            -1.341244,
            -0.992393
        ],
        [
            0.556199,
            -1.341244,
            -0.990793
        ],
        [
            0.610854,
            -1.094805,
            -1.653286
        ],
        [
            -0.604471,
            -1.094805,
            -1.654981
        ],
        [
            -0.997583,
            -1.055204,
            0.501531
        ],
        [
            0.997744,
            -1.055204,
            0.504432
        ],
        [
            0.256047,
            -0.46079,
            2.426143
        ],
        [
            -0.255193,
            -0.46079,
            2.426143
        ],
        [
            -0.256047,
            -0.793639,
            -2.025179
        ],
        [
            0.255193,
            -0.793639,
            -2.025179
        ],
        [
            0.461433,
            -0.632084,
            2.286634
        ],
        [
            0.820344,
            -0.795564,
            1.788494
        ],
        [
            -0.466283,
            -0.632084,
            2.285333
        ],
        [
            -0.823791,
            -0.795564,
            1.786093
        ],
        [
            -0.354166,
            -0.879032,
            -2.016084
        ],
        [
            -0.784178,
            -0.983415,
            -1.543553
        ],
        [
            0.361552,
            -0.879032,
            -2.015075
        ],
        [
            0.788154,
            -0.987071,
            -1.543839
        ],
        [
            -0.836526,
            -0.234654,
            2.072172
        ],
        [
            -0.70305,
            -0.275476,
            -1.911552
        ],
        [
            0.709832,
            -0.275476,
            -1.909552
        ],
        [
            0.813124,
            -0.233029,
            2.103083
        ],
        [
            -0.679583,
            -1.172687,
            -1.149726
        ],
        [
            0.682154,
            -1.177155,
            -1.145935
        ]
    ]
}