{
    "car_type": "unknown",
    "name": "Mazda_RX-8",
    "pts": {
        "fl wheel": 0,
        "bl wheel": 1,
        "br wheel": 2,
        "fr wheel": 3,
        "windshield tr": 4,
        "windshield tl": 5,
        "windshield bl": 6,
        "windshield br": 7,
        "rear window tl": 8,
        "rear window tr": 9,
        "rear window br": 10,
        "rear window bl": 11,
        "rearview mirror l": 12,
        "rearview mirror r": 13,
        "bottom of license fr": 14,
        "bottom of license fl": 15,
        "bottom of license bl": 16,
        "bottom of license br": 17,
        "headlight fr inner bottom": 18,
        "headlight fr outer top": 19,
        "headlight fl inner bottom": 20,
        "headlight fl outer top": 21,
        "headlight bl inner bottom": 22,
        "headlight bl outer top": 23,
        "headlight br inner bottom": 24,
        "headlight br outer top": 25,
        "bottom bumper fl": 26,
        "bottom bumper bl": 27,
        "bottom bumper br": 28,
        "bottom bumper fr": 29,
        "side window back l": 30,
        "side window back r": 31
    },
    "vertices": [
        [
            -0.868849,
            -0.333893,
            1.543174
        ],
        [
            -0.868833,
            -0.333327,
            -1.193915
        ],
        [
            0.863385,
            -0.334901,
            -1.18734
        ],
        [
            0.863806,
            -0.332884,
            1.551116
        ],
        [
            0.534624,
            -1.228161,
            0.259537
        ],
        [
            -0.539878,
            -1.228161,
            0.259537
        ],
        [
            -0.672548,
            -0.888668,
            0.861924
        ],
        [
            0.667166,
            -0.888672,
            0.862025
        ],
        [
            -0.487681,
            -1.217828,
            -1.04583
        ],
        [
            0.482426,
            -1.217828,
            -1.04583
        ],
        [
            0.562905,
            -1.003714,
            -1.440251
        ],
        [
            -0.57058,
            -1.002922,
            -1.431728
        ],
        [
            -0.92904,
            -1.02174,
            0.394382
        ],
        [
            0.919642,
            -1.027375,
            0.398488
        ],
        [
            0.257669,
            -0.380677,
            2.311557
        ],
        [
            -0.255473,
            -0.388875,
            2.336521
        ],
        [
            -0.261542,
            -0.534178,
            -2.083815
        ],
        [
            0.258911,
            -0.537422,
            -2.083259
        ],
        [
            0.435379,
            -0.598882,
            2.217559
        ],
        [
            0.793069,
            -0.723972,
            1.869875
        ],
        [
            -0.444027,
            -0.600269,
            2.212814
        ],
        [
            -0.798324,
            -0.723972,
            1.869874
        ],
        [
            -0.387037,
            -0.779708,
            -1.961378
        ],
        [
            -0.726297,
            -0.880602,
            -1.713623
        ],
        [
            0.385225,
            -0.781841,
            -1.961704
        ],
        [
            0.715405,
            -0.88852,
            -1.722499
        ],
        [
            -0.704157,
            -0.19907,
            2.059325
        ],
        [
            -0.757807,
            -0.265908,
            -1.649374
        ],
        [
            0.754356,
            -0.271392,
            -1.655308
        ],
        [
            0.701514,
            -0.200558,
            2.062051
        ],
        [
            -0.606093,
            -1.177582,
            -0.824976
        ],
        [
            0.594777,
            -1.182835,
            -0.815017
        ]
    ]
}