{
    "car_type": "unknown",
    "name": "Mazda_CX-5",
    "pts": {
        "fl wheel": 0,
        "bl wheel": 1,
        "br wheel": 2,
        "fr wheel": 3,
        "windshield tr": 4,
        "windshield tl": 5,
        "windshield bl": 6,
        "windshield br": 7,
        "rear window tl": 8,
        "rear window tr": 9,
        "rear window br": 10,
        "rear window bl": 11,
        "rearview mirror l": 12,
        "rearview mirror r": 13,
        "bottom of license fr": 14,
        "bottom of license fl": 15,
        "bottom of license bl": 16,
        "bottom of license br": 17,
        "headlight fr inner bottom": 18,
        "headlight fr outer top": 19,
        "headlight fl inner bottom": 20,
        "headlight fl outer top": 21,
        "headlight bl inner bottom": 22,
        "headlight bl outer top": 23,
        "headlight br inner bottom": 24,
        "headlight br outer top": 25,
        "bottom bumper fl": 26,
        "bottom bumper bl": 27,
        "bottom bumper br": 28,
        "bottom bumper fr": 29,
        "side window back l": 30,
        "side window back r": 31
    },
    "vertices": [
        [
            -0.92205,
            -0.36638,
            1.356429
        ],
        [
            -0.92205,
            -0.36638,
            -1.340184
        ],
        [
            0.922392,
            -0.365673,
            -1.341242
        ],
        [
            0.922392,
            -0.365952,
            1.358099
        ],
        [
            0.603554,
            -1.48455,
            0.269993
        ],
        [
            -0.603554,
            -1.48455,
            0.269993
        ],
        [
            -0.700278,
            -1.113362,
            0.999144
        ],
        [
            0.70049,
            -1.103107,
            1.000422
        ],
        [
            -0.611009,
            -1.438517,
            -1.702523
        ],
        [
            0.612263,
            -1.440007,
            -1.703091
        ],
        [
            0.577466,
            -1.193306,
            -2.039312
        ],
        [
            -0.577466,
            -1.193306,
            -2.039312
        ],
        [
            -1.073959,
            -1.196709,
            0.472828
        ],
        [
            1.073959,
            -1.196709,
            0.472828
        ],
        [
            0.257027,
            -0.415982,
            2.304197
        ],
        [
            -0.253683,
            -0.412262,
            2.304197
        ],
        [
            -0.258497,
            -0.816021,
            -2.148316
        ],
        [
            0.255473,
            -0.813664,
            -2.148316
        ],
        [
            0.526659,
            -0.779199,
            2.150619
        ],
        [
            0.848093,
            -0.930885,
            1.657223
        ],
        [
            -0.526659,
            -0.779199,
            2.150619
        ],
        [
            -0.841352,
            -0.930767,
            1.651532
        ],
        [
            -0.546107,
            -1.028393,
            -2.099151
        ],
        [
            -0.831794,
            -1.162322,
            -1.607079
        ],
        [
            0.531715,
            -1.03449,
            -2.10093
        ],
        [
            0.836585,
            -1.160627,
            -1.610461
        ],
        [
            -0.836883,
            -0.242209,
            2.009803
        ],
        [
            -0.872766,
            -0.330042,
            -1.972159
        ],
        [
            0.895705,
            -0.325304,
            -1.938176
        ],
        [
            0.869769,
            -0.24,
            1.939728
        ],
        [
            -0.666523,
            -1.392395,
            -1.466107
        ],
        [
            0.666523,
            -1.392395,
            -1.466107
        ]
    ]
}