{
    "car_type": "unknown",
    "name": "Megane",
    "pts": {
        "fl wheel": 0,
        "bl wheel": 1,
        "br wheel": 2,
        "fr wheel": 3,
        "windshield tr": 4,
        "windshield tl": 5,
        "windshield bl": 6,
        "windshield br": 7,
        "rear window tl": 8,
        "rear window tr": 9,
        "rear window br": 10,
        "rear window bl": 11,
        "rearview mirror l": 12,
        "rearview mirror r": 13,
        "bottom of license fr": 14,
        "bottom of license fl": 15,
        "bottom of license bl": 16,
        "bottom of license br": 17,
        "headlight fr inner bottom": 18,
        "headlight fr outer top": 19,
        "headlight fl inner bottom": 20,
        "headlight fl outer top": 21,
        "headlight bl inner bottom": 22,
        "headlight bl outer top": 23,
        "headlight br inner bottom": 24,
        "headlight br outer top": 25,
        "bottom bumper fl": 26,
        "bottom bumper bl": 27,
        "bottom bumper br": 28,
        "bottom bumper fr": 29,
        "side window back l": 30,
        "side window back r": 31
    },
    "vertices": [
        [
            -0.839582,
            -0.315109,
            1.382309
        ],
        [
            -0.829532,
            -0.31511,
            -1.291543
        ],
        [
            0.829823,
            -0.31511,
            -1.291542
        ],
        [
            0.853345,
            -0.315109,
            1.361666
        ],
        [
            0.516119,
            -1.348637,
            0.40218
        ],
        [
            -0.515832,
            -1.348637,
            0.40218
        ],
        [
            -0.678216,
            -0.95047,
            1.066962
        ],
        [
            0.678504,
            -0.95047,
            1.066962
        ],
        [
            -0.504775,
            -1.361972,
            -1.03887
        ],
        [
            0.505473,
            -1.364053,
            -1.040968
        ],
        [
            0.516477,
            -1.112342,
            -1.592823
        ],
        [
            -0.516189,
            -1.112342,
            -1.592823
        ],
        [
            -0.961572,
            -1.086738,
            0.687928
        ],
        [
            0.961859,
            -1.086737,
            0.687928
        ],
        [
            0.236638,
            -0.428579,
            2.225488
        ],
        [
            -0.236349,
            -0.428579,
            2.225488
        ],
        [
            -0.237442,
            -0.480752,
            -2.204078
        ],
        [
            0.237731,
            -0.480752,
            -2.204078
        ],
        [
            0.404178,
            -0.638762,
            2.143737
        ],
        [
            0.800404,
            -0.69483,
            1.690821
        ],
        [
            -0.403886,
            -0.638762,
            2.143737
        ],
        [
            -0.800109,
            -0.69483,
            1.690821
        ],
        [
            -0.492655,
            -0.79117,
            -2.101637
        ],
        [
            -0.775516,
            -0.84382,
            -1.71941
        ],
        [
            0.493134,
            -0.791905,
            -2.102067
        ],
        [
            0.775803,
            -0.84382,
            -1.71941
        ],
        [
            -0.670419,
            -0.176909,
            1.859635
        ],
        [
            -0.699752,
            -0.28732,
            -1.750234
        ],
        [
            0.692738,
            -0.288945,
            -1.774431
        ],
        [
            0.681138,
            -0.174211,
            1.839112
        ],
        [
            -0.618408,
            -1.244208,
            -1.114279
        ],
        [
            0.618813,
            -1.244385,
            -1.114581
        ]
    ]
}