{
    "car_type": "unknown",
    "name": "Mercedes-Benz_A45_AMG-2018",
    "pts": {
        "fl wheel": 0,
        "bl wheel": 1,
        "br wheel": 2,
        "fr wheel": 3,
        "windshield tr": 4,
        "windshield tl": 5,
        "windshield bl": 6,
        "windshield br": 7,
        "rear window tl": 8,
        "rear window tr": 9,
        "rear window br": 10,
        "rear window bl": 11,
        "rearview mirror l": 12,
        "rearview mirror r": 13,
        "bottom of license fr": 14,
        "bottom of license fl": 15,
        "bottom of license bl": 16,
        "bottom of license br": 17,
        "headlight fr inner bottom": 18,
        "headlight fr outer top": 19,
        "headlight fl inner bottom": 20,
        "headlight fl outer top": 21,
        "headlight bl inner bottom": 22,
        "headlight bl outer top": 23,
        "headlight br inner bottom": 24,
        "headlight br outer top": 25,
        "bottom bumper fl": 26,
        "bottom bumper bl": 27,
        "bottom bumper br": 28,
        "bottom bumper fr": 29,
        "side window back l": 30,
        "side window back r": 31
    },
    "vertices": [
        [
            -0.855709,
            -0.323928,
            1.528231
        ],
        [
            -0.855709,
            -0.323928,
            -1.233778
        ],
        [
            0.855495,
            -0.323928,
            -1.233767
        ],
        [
            0.855494,
            -0.323928,
            1.528242
        ],
        [
            0.562403,
            -1.330046,
            0.372436
        ],
        [
            -0.561322,
            -1.330046,
            0.372436
        ],
        [
            -0.653133,
            -1.018013,
            1.080973
        ],
        [
            0.654213,
            -1.018013,
            1.080973
        ],
        [
            -0.506307,
            -1.262683,
            -1.454774
        ],
        [
            0.490078,
            -1.248081,
            -1.413105
        ],
        [
            0.600248,
            -1.056643,
            -1.606261
        ],
        [
            -0.599134,
            -1.052699,
            -1.610111
        ],
        [
            -0.961416,
            -1.056094,
            0.71776
        ],
        [
            0.962497,
            -1.056094,
            0.71776
        ],
        [
            0.251691,
            -0.359401,
            2.456792
        ],
        [
            -0.25661,
            -0.359401,
            2.456792
        ],
        [
            -0.269739,
            -0.734047,
            -1.809266
        ],
        [
            0.242499,
            -0.734047,
            -1.809266
        ],
        [
            0.491641,
            -0.567558,
            2.316131
        ],
        [
            0.817211,
            -0.763416,
            1.865295
        ],
        [
            -0.490561,
            -0.567558,
            2.316131
        ],
        [
            -0.817155,
            -0.762128,
            1.865122
        ],
        [
            -0.475934,
            -0.884269,
            -1.807009
        ],
        [
            -0.788659,
            -0.967882,
            -1.449678
        ],
        [
            0.476824,
            -0.884268,
            -1.807394
        ],
        [
            0.790105,
            -0.968203,
            -1.449544
        ],
        [
            -0.813459,
            -0.199586,
            2.141443
        ],
        [
            -0.822022,
            -0.244724,
            -1.740757
        ],
        [
            0.825633,
            -0.248911,
            -1.741535
        ],
        [
            0.825353,
            -0.201605,
            2.159678
        ],
        [
            -0.733251,
            -1.039031,
            -1.168023
        ],
        [
            0.733556,
            -1.040849,
            -1.167702
        ]
    ]
}