{
    "car_type": "unknown",
    "name": "Mercedes-Benz_GLE-Class",
    "pts": {
        "fl wheel": 0,
        "bl wheel": 1,
        "br wheel": 2,
        "fr wheel": 3,
        "windshield tr": 4,
        "windshield tl": 5,
        "windshield bl": 6,
        "windshield br": 7,
        "rear window tl": 8,
        "rear window tr": 9,
        "rear window br": 10,
        "rear window bl": 11,
        "rearview mirror l": 12,
        "rearview mirror r": 13,
        "bottom of license fr": 14,
        "bottom of license fl": 15,
        "bottom of license bl": 16,
        "bottom of license br": 17,
        "headlight fr inner bottom": 18,
        "headlight fr outer top": 19,
        "headlight fl inner bottom": 20,
        "headlight fl outer top": 21,
        "headlight bl inner bottom": 22,
        "headlight bl outer top": 23,
        "headlight br inner bottom": 24,
        "headlight br outer top": 25,
        "bottom bumper fl": 26,
        "bottom bumper bl": 27,
        "bottom bumper br": 28,
        "bottom bumper fr": 29,
        "side window back l": 30,
        "side window back r": 31
    },
    "vertices": [
        [
            -0.948992,
            -0.387355,
            1.547131
        ],
        [
            -0.986362,
            -0.387357,
            -1.378309
        ],
        [
            0.986838,
            -0.387357,
            -1.378319
        ],
        [
            0.949468,
            -0.387355,
            1.547121
        ],
        [
            0.684048,
            -1.546557,
            0.364822
        ],
        [
            -0.683012,
            -1.549642,
            0.365162
        ],
        [
            -0.791562,
            -1.208694,
            1.042141
        ],
        [
            0.794438,
            -1.208984,
            1.038981
        ],
        [
            -0.593202,
            -1.489044,
            -1.511308
        ],
        [
            0.593678,
            -1.489044,
            -1.511308
        ],
        [
            0.672618,
            -1.315787,
            -1.883128
        ],
        [
            -0.672142,
            -1.315787,
            -1.883129
        ],
        [
            -1.062052,
            -1.273578,
            0.603981
        ],
        [
            1.062528,
            -1.273577,
            0.603981
        ],
        [
            0.255718,
            -0.4498,
            2.441561
        ],
        [
            -0.255242,
            -0.4498,
            2.441561
        ],
        [
            -0.254537,
            -0.577712,
            -2.410982
        ],
        [
            0.253683,
            -0.577712,
            -2.410982
        ],
        [
            0.540308,
            -0.766747,
            2.279451
        ],
        [
            0.887858,
            -0.964954,
            1.837031
        ],
        [
            -0.539832,
            -0.766748,
            2.279451
        ],
        [
            -0.887382,
            -0.964954,
            1.837031
        ],
        [
            -0.428872,
            -1.026688,
            -2.345909
        ],
        [
            -0.913412,
            -1.092121,
            -1.824669
        ],
        [
            0.418308,
            -1.033698,
            -2.346059
        ],
        [
            0.913888,
            -1.092121,
            -1.824669
        ],
        [
            -0.734472,
            -0.300417,
            2.155751
        ],
        [
            -0.803912,
            -0.390153,
            -2.167749
        ],
        [
            0.806018,
            -0.392976,
            -2.167149
        ],
        [
            0.740428,
            -0.30118,
            2.151321
        ],
        [
            -0.768302,
            -1.286566,
            -1.687648
        ],
        [
            0.768778,
            -1.286565,
            -1.687648
        ]
    ]
}