{
    "car_type": "unknown",
    "name": "Mercedes-Benz_SLS_AMG",
    "pts": {
        "fl wheel": 0,
        "bl wheel": 1,
        "br wheel": 2,
        "fr wheel": 3,
        "windshield tr": 4,
        "windshield tl": 5,
        "windshield bl": 6,
        "windshield br": 7,
        "rear window tl": 8,
        "rear window tr": 9,
        "rear window br": 10,
        "rear window bl": 11,
        "rearview mirror l": 12,
        "rearview mirror r": 13,
        "bottom of license fr": 14,
        "bottom of license fl": 15,
        "bottom of license bl": 16,
        "bottom of license br": 17,
        "headlight fr inner bottom": 18,
        "headlight fr outer top": 19,
        "headlight fl inner bottom": 20,
        "headlight fl outer top": 21,
        "headlight bl inner bottom": 22,
        "headlight bl outer top": 23,
        "headlight br inner bottom": 24,
        "headlight br outer top": 25,
        "bottom bumper fl": 26,
        "bottom bumper bl": 27,
        "bottom bumper br": 28,
        "bottom bumper fr": 29,
        "side window back l": 30,
        "side window back r": 31
    },
    "vertices": [
        [
            -0.998767,
            -0.33671,
            1.401537
        ],
        [
            -0.998767,
            -0.336713,
            -1.29607
        ],
        [
            0.999465,
            -0.336713,
            -1.29607
        ],
        [
            0.999465,
            -0.33671,
            1.401537
        ],
        [
            0.650584,
            -1.158913,
            -0.148799
        ],
        [
            -0.649886,
            -1.158914,
            -0.148799
        ],
        [
            -0.798816,
            -0.871747,
            0.308685
        ],
        [
            0.78696,
            -0.869475,
            0.324147
        ],
        [
            -0.6356,
            -1.165461,
            -1.07222
        ],
        [
            0.636298,
            -1.165461,
            -1.07222
        ],
        [
            0.735042,
            -0.936404,
            -1.424452
        ],
        [
            -0.733942,
            -0.935831,
            -1.424452
        ],
        [
            -1.110034,
            -0.987558,
            -0.123109
        ],
        [
            1.110609,
            -0.987762,
            -0.122294
        ],
        [
            0.257743,
            -0.22006,
            2.326763
        ],
        [
            -0.256849,
            -0.22006,
            2.326763
        ],
        [
            -0.257705,
            -0.371014,
            -2.262601
        ],
        [
            0.256793,
            -0.371014,
            -2.272509
        ],
        [
            0.699059,
            -0.531016,
            2.105281
        ],
        [
            0.941229,
            -0.737686,
            1.673267
        ],
        [
            -0.696846,
            -0.533619,
            2.10599
        ],
        [
            -0.935553,
            -0.73926,
            1.674628
        ],
        [
            -0.557264,
            -0.653716,
            -2.152659
        ],
        [
            -0.943695,
            -0.76703,
            -1.707915
        ],
        [
            0.558406,
            -0.654785,
            -2.15196
        ],
        [
            0.946836,
            -0.76363,
            -1.707004
        ],
        [
            -0.901611,
            -0.146756,
            1.844565
        ],
        [
            -0.80699,
            -0.239376,
            -1.978485
        ],
        [
            0.807688,
            -0.239376,
            -1.978485
        ],
        [
            0.902298,
            -0.146756,
            1.844565
        ],
        [
            -0.869163,
            -0.913308,
            -0.783314
        ],
        [
            0.866192,
            -0.913318,
            -0.776747
        ]
    ]
}