{
    "car_type": "unknown",
    "name": "Mercedes-Benz_E250",
    "pts": {
        "fl wheel": 0,
        "bl wheel": 1,
        "br wheel": 2,
        "fr wheel": 3,
        "windshield tr": 4,
        "windshield tl": 5,
        "windshield bl": 6,
        "windshield br": 7,
        "rear window tl": 8,
        "rear window tr": 9,
        "rear window br": 10,
        "rear window bl": 11,
        "rearview mirror l": 12,
        "rearview mirror r": 13,
        "bottom of license fr": 14,
        "bottom of license fl": 15,
        "bottom of license bl": 16,
        "bottom of license br": 17,
        "headlight fr inner bottom": 18,
        "headlight fr outer top": 19,
        "headlight fl inner bottom": 20,
        "headlight fl outer top": 21,
        "headlight bl inner bottom": 22,
        "headlight bl outer top": 23,
        "headlight br inner bottom": 24,
        "headlight br outer top": 25,
        "bottom bumper fl": 26,
        "bottom bumper bl": 27,
        "bottom bumper br": 28,
        "bottom bumper fr": 29,
        "side window back l": 30,
        "side window back r": 31
    },
    "vertices": [
        [
            -0.871184,
            -0.333574,
            1.628802
        ],
        [
            -0.886112,
            -0.33331,
            -1.238967
        ],
        [
            0.885891,
            -0.33348,
            -1.238764
        ],
        [
            0.870887,
            -0.333176,
            1.628957
        ],
        [
            0.604157,
            -1.349349,
            0.383491
        ],
        [
            -0.60441,
            -1.34935,
            0.383491
        ],
        [
            -0.729926,
            -0.947384,
            1.024658
        ],
        [
            0.729671,
            -0.947383,
            1.024658
        ],
        [
            -0.581468,
            -1.390365,
            -1.084376
        ],
        [
            0.581213,
            -1.390365,
            -1.084376
        ],
        [
            0.680505,
            -1.075234,
            -1.731262
        ],
        [
            -0.680755,
            -1.075234,
            -1.731262
        ],
        [
            -1.012755,
            -1.055256,
            0.614125
        ],
        [
            1.012942,
            -1.055399,
            0.637578
        ],
        [
            0.254521,
            -0.335523,
            2.474758
        ],
        [
            -0.253699,
            -0.335522,
            2.474758
        ],
        [
            -0.254553,
            -0.75057,
            -2.302866
        ],
        [
            0.253667,
            -0.75057,
            -2.302866
        ],
        [
            0.431184,
            -0.548138,
            2.344799
        ],
        [
            0.826961,
            -0.779745,
            1.939674
        ],
        [
            -0.431436,
            -0.548138,
            2.344799
        ],
        [
            -0.825491,
            -0.779271,
            1.936896
        ],
        [
            -0.428105,
            -0.751061,
            -2.300856
        ],
        [
            -0.841608,
            -0.87965,
            -1.858502
        ],
        [
            0.427859,
            -0.751063,
            -2.300854
        ],
        [
            0.839567,
            -0.878337,
            -1.855882
        ],
        [
            -0.73647,
            -0.215107,
            2.324915
        ],
        [
            -0.632489,
            -0.298067,
            -2.244194
        ],
        [
            0.632696,
            -0.293329,
            -2.244193
        ],
        [
            0.73622,
            -0.215106,
            2.324915
        ],
        [
            -0.773216,
            -1.056325,
            -1.250645
        ],
        [
            0.772966,
            -1.056324,
            -1.250646
        ]
    ]
}