{
    "car_type": "unknown",
    "name": "Mercedes-Benz_E-Class_W212",
    "pts": {
        "fl wheel": 0,
        "bl wheel": 1,
        "br wheel": 2,
        "fr wheel": 3,
        "windshield tr": 4,
        "windshield tl": 5,
        "windshield bl": 6,
        "windshield br": 7,
        "rear window tl": 8,
        "rear window tr": 9,
        "rear window br": 10,
        "rear window bl": 11,
        "rearview mirror l": 12,
        "rearview mirror r": 13,
        "bottom of license fr": 14,
        "bottom of license fl": 15,
        "bottom of license bl": 16,
        "bottom of license br": 17,
        "headlight fr inner bottom": 18,
        "headlight fr outer top": 19,
        "headlight fl inner bottom": 20,
        "headlight fl outer top": 21,
        "headlight bl inner bottom": 22,
        "headlight bl outer top": 23,
        "headlight br inner bottom": 24,
        "headlight br outer top": 25,
        "bottom bumper fl": 26,
        "bottom bumper bl": 27,
        "bottom bumper br": 28,
        "bottom bumper fr": 29,
        "side window back l": 30,
        "side window back r": 31
    },
    "vertices": [
        [
            -0.859377,
            -0.341926,
            1.483043
        ],
        [
            -0.859377,
            -0.341688,
            -1.386679
        ],
        [
            0.859377,
            -0.341688,
            -1.386679
        ],
        [
            0.859377,
            -0.341926,
            1.483043
        ],
        [
            0.589355,
            -1.35637,
            0.225101
        ],
        [
            -0.598381,
            -1.354076,
            0.222705
        ],
        [
            -0.729039,
            -0.957096,
            0.856381
        ],
        [
            0.729039,
            -0.957096,
            0.856381
        ],
        [
            -0.590007,
            -1.389153,
            -1.194611
        ],
        [
            0.590535,
            -1.393462,
            -1.194815
        ],
        [
            0.675005,
            -1.084373,
            -1.875173
        ],
        [
            -0.675005,
            -1.084373,
            -1.875173
        ],
        [
            -1.031049,
            -1.084515,
            0.50237
        ],
        [
            1.031388,
            -1.084813,
            0.499682
        ],
        [
            0.247383,
            -0.364229,
            2.321522
        ],
        [
            -0.248033,
            -0.363762,
            2.320538
        ],
        [
            -0.248301,
            -0.760918,
            -2.431208
        ],
        [
            0.250965,
            -0.762534,
            -2.430679
        ],
        [
            0.458351,
            -0.585523,
            2.175662
        ],
        [
            0.835927,
            -0.788972,
            1.790547
        ],
        [
            -0.455373,
            -0.592821,
            2.172609
        ],
        [
            -0.838688,
            -0.786027,
            1.787398
        ],
        [
            -0.417735,
            -0.749312,
            -2.453681
        ],
        [
            -0.83644,
            -0.889236,
            -2.022888
        ],
        [
            0.424163,
            -0.759518,
            -2.451285
        ],
        [
            0.838641,
            -0.889443,
            -2.004994
        ],
        [
            -0.836097,
            -0.226557,
            2.026067
        ],
        [
            -0.709572,
            -0.313806,
            -2.323383
        ],
        [
            0.720663,
            -0.311306,
            -2.304491
        ],
        [
            0.847649,
            -0.230797,
            1.997997
        ],
        [
            -0.77348,
            -1.066159,
            -1.42184
        ],
        [
            0.774469,
            -1.063551,
            -1.420471
        ]
    ]
}