{
    "car_type": "unknown",
    "name": "Mercedes-Benz_C-Class-Classic",
    "pts": {
        "fl wheel": 0,
        "bl wheel": 1,
        "br wheel": 2,
        "fr wheel": 3,
        "windshield tr": 4,
        "windshield tl": 5,
        "windshield bl": 6,
        "windshield br": 7,
        "rear window tl": 8,
        "rear window tr": 9,
        "rear window br": 10,
        "rear window bl": 11,
        "rearview mirror l": 12,
        "rearview mirror r": 13,
        "bottom of license fr": 14,
        "bottom of license fl": 15,
        "bottom of license bl": 16,
        "bottom of license br": 17,
        "headlight fr inner bottom": 18,
        "headlight fr outer top": 19,
        "headlight fl inner bottom": 20,
        "headlight fl outer top": 21,
        "headlight bl inner bottom": 22,
        "headlight bl outer top": 23,
        "headlight br inner bottom": 24,
        "headlight br outer top": 25,
        "bottom bumper fl": 26,
        "bottom bumper bl": 27,
        "bottom bumper br": 28,
        "bottom bumper fr": 29,
        "side window back l": 30,
        "side window back r": 31
    },
    "vertices": [
        [
            -0.860428,
            -0.317443,
            1.506171
        ],
        [
            -0.871738,
            -0.317443,
            -1.222485
        ],
        [
            0.861713,
            -0.317443,
            -1.222485
        ],
        [
            0.850393,
            -0.317443,
            1.506172
        ],
        [
            0.56549,
            -1.360072,
            0.313935
        ],
        [
            -0.575441,
            -1.360072,
            0.313937
        ],
        [
            -0.744222,
            -0.976132,
            0.886994
        ],
        [
            0.734271,
            -0.976133,
            0.886994
        ],
        [
            -0.541191,
            -1.336773,
            -1.747392
        ],
        [
            0.531242,
            -1.336773,
            -1.747392
        ],
        [
            0.597237,
            -1.020939,
            -2.129969
        ],
        [
            -0.607183,
            -1.020938,
            -2.129969
        ],
        [
            -0.979901,
            -1.033479,
            0.529461
        ],
        [
            0.969933,
            -1.03348,
            0.529461
        ],
        [
            0.25766,
            -0.413545,
            2.331866
        ],
        [
            -0.258481,
            -0.413544,
            2.331866
        ],
        [
            -0.258481,
            -0.757064,
            -2.165637
        ],
        [
            0.25766,
            -0.757064,
            -2.165637
        ],
        [
            0.36137,
            -0.568934,
            2.236416
        ],
        [
            0.812878,
            -0.701232,
            1.957555
        ],
        [
            -0.371319,
            -0.568936,
            2.236413
        ],
        [
            -0.812154,
            -0.719114,
            1.975176
        ],
        [
            -0.571085,
            -0.679394,
            -2.159137
        ],
        [
            -0.746267,
            -0.827935,
            -2.052585
        ],
        [
            0.561141,
            -0.679394,
            -2.159137
        ],
        [
            0.736309,
            -0.827936,
            -2.052583
        ],
        [
            -0.782047,
            -0.266361,
            2.123808
        ],
        [
            -0.69962,
            -0.354783,
            -2.127292
        ],
        [
            0.698296,
            -0.351458,
            -2.109036
        ],
        [
            0.788879,
            -0.262812,
            2.08622
        ],
        [
            -0.71198,
            -1.016446,
            -1.930879
        ],
        [
            0.702031,
            -1.016447,
            -1.930878
        ]
    ]
}