{
    "car_type": "unknown",
    "name": "Nissan_Micra",
    "pts": {
        "fl wheel": 0,
        "bl wheel": 1,
        "br wheel": 2,
        "fr wheel": 3,
        "windshield tr": 4,
        "windshield tl": 5,
        "windshield bl": 6,
        "windshield br": 7,
        "rear window tl": 8,
        "rear window tr": 9,
        "rear window br": 10,
        "rear window bl": 11,
        "rearview mirror l": 12,
        "rearview mirror r": 13,
        "bottom of license fr": 14,
        "bottom of license fl": 15,
        "bottom of license bl": 16,
        "bottom of license br": 17,
        "headlight fr inner bottom": 18,
        "headlight fr outer top": 19,
        "headlight fl inner bottom": 20,
        "headlight fl outer top": 21,
        "headlight bl inner bottom": 22,
        "headlight bl outer top": 23,
        "headlight br inner bottom": 24,
        "headlight br outer top": 25,
        "bottom bumper fl": 26,
        "bottom bumper bl": 27,
        "bottom bumper br": 28,
        "bottom bumper fr": 29,
        "side window back l": 30,
        "side window back r": 31
    },
    "vertices": [
        [
            -0.861808,
            -0.274667,
            1.191717
        ],
        [
            -0.861808,
            -0.272449,
            -1.326814
        ],
        [
            0.860123,
            -0.272449,
            -1.326815
        ],
        [
            0.860123,
            -0.274668,
            1.191716
        ],
        [
            0.568514,
            -1.170356,
            0.1645
        ],
        [
            -0.5684,
            -1.16263,
            0.177035
        ],
        [
            -0.658984,
            -0.853776,
            1.006381
        ],
        [
            0.657299,
            -0.853776,
            1.006381
        ],
        [
            -0.49715,
            -1.080476,
            -1.484077
        ],
        [
            0.495465,
            -1.080476,
            -1.484076
        ],
        [
            0.548113,
            -0.94841,
            -1.618971
        ],
        [
            -0.561303,
            -0.949336,
            -1.59649
        ],
        [
            -0.951529,
            -0.931707,
            0.39445
        ],
        [
            0.96787,
            -0.922711,
            0.386553
        ],
        [
            0.263411,
            -0.337936,
            2.019417
        ],
        [
            -0.265096,
            -0.337936,
            2.019417
        ],
        [
            -0.268087,
            -0.658316,
            -1.926171
        ],
        [
            0.266402,
            -0.658316,
            -1.926171
        ],
        [
            0.456975,
            -0.585471,
            1.878161
        ],
        [
            0.768417,
            -0.76748,
            1.282089
        ],
        [
            -0.460452,
            -0.581353,
            1.874641
        ],
        [
            -0.764752,
            -0.769354,
            1.289194
        ],
        [
            -0.596649,
            -0.739438,
            -1.794449
        ],
        [
            -0.775988,
            -0.855286,
            -1.388618
        ],
        [
            0.594964,
            -0.739438,
            -1.794449
        ],
        [
            0.774304,
            -0.855287,
            -1.388618
        ],
        [
            -0.782601,
            -0.195943,
            1.652201
        ],
        [
            -0.757934,
            -0.225129,
            -1.749361
        ],
        [
            0.711227,
            -0.212045,
            -1.718418
        ],
        [
            0.780917,
            -0.195943,
            1.652201
        ],
        [
            -0.667764,
            -1.01571,
            -1.247404
        ],
        [
            0.664995,
            -1.013194,
            -1.250449
        ]
    ]
}