{
    "car_type": "unknown",
    "name": "Peugeot_208",
    "pts": {
        "fl wheel": 0,
        "bl wheel": 1,
        "br wheel": 2,
        "fr wheel": 3,
        "windshield tr": 4,
        "windshield tl": 5,
        "windshield bl": 6,
        "windshield br": 7,
        "rear window tl": 8,
        "rear window tr": 9,
        "rear window br": 10,
        "rear window bl": 11,
        "rearview mirror l": 12,
        "rearview mirror r": 13,
        "bottom of license fr": 14,
        "bottom of license fl": 15,
        "bottom of license bl": 16,
        "bottom of license br": 17,
        "headlight fr inner bottom": 18,
        "headlight fr outer top": 19,
        "headlight fl inner bottom": 20,
        "headlight fl outer top": 21,
        "headlight bl inner bottom": 22,
        "headlight bl outer top": 23,
        "headlight br inner bottom": 24,
        "headlight br outer top": 25,
        "bottom bumper fl": 26,
        "bottom bumper bl": 27,
        "bottom bumper br": 28,
        "bottom bumper fr": 29,
        "side window back l": 30,
        "side window back r": 31
    },
    "vertices": [
        [
            -0.874857,
            -0.321345,
            1.366277
        ],
        [
            -0.874857,
            -0.321345,
            -1.254999
        ],
        [
            0.884683,
            -0.321344,
            -1.254999
        ],
        [
            0.884683,
            -0.321344,
            1.366277
        ],
        [
            0.589224,
            -1.347675,
            0.334584
        ],
        [
            -0.588135,
            -1.347675,
            0.334583
        ],
        [
            -0.734837,
            -0.989103,
            1.103337
        ],
        [
            0.735927,
            -0.989103,
            1.103337
        ],
        [
            -0.530392,
            -1.230822,
            -1.378988
        ],
        [
            0.531482,
            -1.230822,
            -1.378988
        ],
        [
            0.597386,
            -1.091054,
            -1.519767
        ],
        [
            -0.596296,
            -1.091054,
            -1.519767
        ],
        [
            -0.986173,
            -1.065166,
            0.737886
        ],
        [
            0.987262,
            -1.065166,
            0.737886
        ],
        [
            0.321611,
            -0.495578,
            2.118077
        ],
        [
            -0.320521,
            -0.495578,
            2.118077
        ],
        [
            -0.283569,
            -0.386684,
            -1.931862
        ],
        [
            0.284659,
            -0.386684,
            -1.931862
        ],
        [
            0.50577,
            -0.642029,
            2.063258
        ],
        [
            0.798792,
            -0.837605,
            1.613873
        ],
        [
            -0.50468,
            -0.642029,
            2.063258
        ],
        [
            -0.797702,
            -0.837605,
            1.613873
        ],
        [
            -0.458415,
            -0.88147,
            -1.717623
        ],
        [
            -0.774978,
            -1.022717,
            -1.342298
        ],
        [
            0.459505,
            -0.88147,
            -1.717623
        ],
        [
            0.784392,
            -0.971771,
            -1.431061
        ],
        [
            -0.848832,
            -0.210029,
            1.793203
        ],
        [
            -0.823938,
            -0.23862,
            -1.666165
        ],
        [
            0.825028,
            -0.23862,
            -1.666165
        ],
        [
            0.849921,
            -0.210029,
            1.793203
        ],
        [
            -0.744645,
            -1.046854,
            -1.035406
        ],
        [
            0.745735,
            -1.046854,
            -1.035406
        ]
    ]
}