{
    "car_type": "unknown",
    "name": "Porsche_991_Vossen",
    "pts": {
        "fl wheel": 0,
        "bl wheel": 1,
        "br wheel": 2,
        "fr wheel": 3,
        "windshield tr": 4,
        "windshield tl": 5,
        "windshield bl": 6,
        "windshield br": 7,
        "rear window tl": 8,
        "rear window tr": 9,
        "rear window br": 10,
        "rear window bl": 11,
        "rearview mirror l": 12,
        "rearview mirror r": 13,
        "bottom of license fr": 14,
        "bottom of license fl": 15,
        "bottom of license bl": 16,
        "bottom of license br": 17,
        "headlight fr inner bottom": 18,
        "headlight fr outer top": 19,
        "headlight fl inner bottom": 20,
        "headlight fl outer top": 21,
        "headlight bl inner bottom": 22,
        "headlight bl outer top": 23,
        "headlight br inner bottom": 24,
        "headlight br outer top": 25,
        "bottom bumper fl": 26,
        "bottom bumper bl": 27,
        "bottom bumper br": 28,
        "bottom bumper fr": 29,
        "side window back l": 30,
        "side window back r": 31
    },
    "vertices": [
        [
            -0.851386,
            -0.367547,
            1.231956
        ],
        [
            -0.887468,
            -0.369264,
            -1.194608
        ],
        [
            0.886194,
            -0.369264,
            -1.194608
        ],
        [
            0.850112,
            -0.367547,
            1.231956
        ],
        [
            0.565777,
            -1.180636,
            0.168383
        ],
        [
            -0.567051,
            -1.180636,
            0.168382
        ],
        [
            -0.715678,
            -0.838201,
            0.654893
        ],
        [
            0.714404,
            -0.838201,
            0.654893
        ],
        [
            -0.492536,
            -1.156591,
            -0.898296
        ],
        [
            0.491262,
            -1.156591,
            -0.898296
        ],
        [
            0.445747,
            -0.969164,
            -1.543071
        ],
        [
            -0.447021,
            -0.969164,
            -1.543071
        ],
        [
            -0.95634,
            -0.944259,
            0.26294
        ],
        [
            0.955066,
            -0.944259,
            0.26294
        ],
        [
            0.254537,
            -0.332572,
            2.230441
        ],
        [
            -0.253683,
            -0.332572,
            2.230441
        ],
        [
            -0.254537,
            -0.409114,
            -2.192294
        ],
        [
            0.253683,
            -0.409114,
            -2.192294
        ],
        [
            0.575041,
            -0.603326,
            1.861905
        ],
        [
            0.790328,
            -0.748459,
            1.591354
        ],
        [
            -0.57712,
            -0.610089,
            1.865211
        ],
        [
            -0.791602,
            -0.748459,
            1.591354
        ],
        [
            -0.439972,
            -0.676215,
            -2.09419
        ],
        [
            -0.813856,
            -0.704769,
            -1.660066
        ],
        [
            0.438699,
            -0.676215,
            -2.09419
        ],
        [
            0.812582,
            -0.704769,
            -1.660066
        ],
        [
            -0.738133,
            -0.11565,
            1.921504
        ],
        [
            -0.736018,
            -0.159126,
            -1.876728
        ],
        [
            0.734744,
            -0.159126,
            -1.876728
        ],
        [
            0.736859,
            -0.11565,
            1.921504
        ],
        [
            -0.610853,
            -0.956818,
            -1.137895
        ],
        [
            0.609579,
            -0.956818,
            -1.137895
        ]
    ]
}