{
    "car_type": "unknown",
    "name": "Range_Rover_Evoque",
    "pts": {
        "fl wheel": 0,
        "bl wheel": 1,
        "br wheel": 2,
        "fr wheel": 3,
        "windshield tr": 4,
        "windshield tl": 5,
        "windshield bl": 6,
        "windshield br": 7,
        "rear window tl": 8,
        "rear window tr": 9,
        "rear window br": 10,
        "rear window bl": 11,
        "rearview mirror l": 12,
        "rearview mirror r": 13,
        "bottom of license fr": 14,
        "bottom of license fl": 15,
        "bottom of license bl": 16,
        "bottom of license br": 17,
        "headlight fr inner bottom": 18,
        "headlight fr outer top": 19,
        "headlight fl inner bottom": 20,
        "headlight fl outer top": 21,
        "headlight bl inner bottom": 22,
        "headlight bl outer top": 23,
        "headlight br inner bottom": 24,
        "headlight br outer top": 25,
        "bottom bumper fl": 26,
        "bottom bumper bl": 27,
        "bottom bumper br": 28,
        "bottom bumper fr": 29,
        "side window back l": 30,
        "side window back r": 31
    },
    "vertices": [
        [
            -0.911728,
            -0.409055,
            1.41491
        ],
        [
            -0.911728,
            -0.409055,
            -1.352208
        ],
        [
            0.910522,
            -0.409055,
            -1.352208
        ],
        [
            0.910521,
            -0.409055,
            1.41491
        ],
        [
            0.608406,
            -1.573338,
            0.357616
        ],
        [
            -0.609612,
            -1.573338,
            0.357615
        ],
        [
            -0.748634,
            -1.191616,
            0.978324
        ],
        [
            0.747428,
            -1.191616,
            0.978325
        ],
        [
            -0.606475,
            -1.435368,
            -1.570732
        ],
        [
            0.605268,
            -1.435368,
            -1.570732
        ],
        [
            0.644607,
            -1.283096,
            -1.761924
        ],
        [
            -0.645991,
            -1.282845,
            -1.761852
        ],
        [
            -0.972308,
            -1.332172,
            0.489032
        ],
        [
            0.97287,
            -1.337349,
            0.490025
        ],
        [
            0.258497,
            -0.671962,
            2.291549
        ],
        [
            -0.259063,
            -0.674962,
            2.291549
        ],
        [
            -0.233652,
            -0.947037,
            -1.99187
        ],
        [
            0.280318,
            -0.94468,
            -1.99187
        ],
        [
            0.465184,
            -0.892437,
            2.178978
        ],
        [
            0.81882,
            -1.02744,
            1.630713
        ],
        [
            -0.466391,
            -0.892437,
            2.178978
        ],
        [
            -0.815747,
            -1.036025,
            1.625477
        ],
        [
            -0.574966,
            -0.994232,
            -1.967003
        ],
        [
            -0.817177,
            -1.111285,
            -1.64812
        ],
        [
            0.575593,
            -0.994099,
            -1.966131
        ],
        [
            0.82239,
            -1.119537,
            -1.649071
        ],
        [
            -0.798053,
            -0.321688,
            1.925487
        ],
        [
            -0.795142,
            -0.389871,
            -1.770573
        ],
        [
            0.793935,
            -0.389871,
            -1.770573
        ],
        [
            0.796846,
            -0.321688,
            1.925486
        ],
        [
            -0.733771,
            -1.273463,
            -1.505819
        ],
        [
            0.732564,
            -1.273463,
            -1.505819
        ]
    ]
}