{
    "car_type": "unknown",
    "name": "Range_Rover",
    "pts": {
        "fl wheel": 0,
        "bl wheel": 1,
        "br wheel": 2,
        "fr wheel": 3,
        "windshield tr": 4,
        "windshield tl": 5,
        "windshield bl": 6,
        "windshield br": 7,
        "rear window tl": 8,
        "rear window tr": 9,
        "rear window br": 10,
        "rear window bl": 11,
        "rearview mirror l": 12,
        "rearview mirror r": 13,
        "bottom of license fr": 14,
        "bottom of license fl": 15,
        "bottom of license bl": 16,
        "bottom of license br": 17,
        "headlight fr inner bottom": 18,
        "headlight fr outer top": 19,
        "headlight fl inner bottom": 20,
        "headlight fl outer top": 21,
        "headlight bl inner bottom": 22,
        "headlight bl outer top": 23,
        "headlight br inner bottom": 24,
        "headlight br outer top": 25,
        "bottom bumper fl": 26,
        "bottom bumper bl": 27,
        "bottom bumper br": 28,
        "bottom bumper fr": 29,
        "side window back l": 30,
        "side window back r": 31
    },
    "vertices": [
        [
            -0.92612,
            -0.38536,
            1.681534
        ],
        [
            -0.92612,
            -0.385363,
            -1.246567
        ],
        [
            0.926593,
            -0.385363,
            -1.246567
        ],
        [
            0.926593,
            -0.385361,
            1.681534
        ],
        [
            0.686639,
            -1.664327,
            0.373407
        ],
        [
            -0.686166,
            -1.664327,
            0.373407
        ],
        [
            -0.811401,
            -1.180123,
            1.060049
        ],
        [
            0.811875,
            -1.180122,
            1.060049
        ],
        [
            -0.603263,
            -1.563131,
            -1.774868
        ],
        [
            0.603669,
            -1.563576,
            -1.774055
        ],
        [
            0.644477,
            -1.259052,
            -2.100191
        ],
        [
            -0.643259,
            -1.258952,
            -2.099609
        ],
        [
            -1.079068,
            -1.363564,
            0.51225
        ],
        [
            1.079542,
            -1.363564,
            0.51225
        ],
        [
            0.256047,
            -0.652784,
            2.538955
        ],
        [
            -0.255193,
            -0.652784,
            2.538955
        ],
        [
            -0.256047,
            -0.985153,
            -2.233222
        ],
        [
            0.255193,
            -0.985153,
            -2.233222
        ],
        [
            0.47785,
            -0.828502,
            2.430151
        ],
        [
            0.897892,
            -0.98731,
            1.87948
        ],
        [
            -0.476659,
            -0.826988,
            2.430492
        ],
        [
            -0.897509,
            -0.987817,
            1.881007
        ],
        [
            -0.620287,
            -0.974305,
            -2.201613
        ],
        [
            -0.859434,
            -1.15383,
            -1.686257
        ],
        [
            0.622227,
            -0.975823,
            -2.203419
        ],
        [
            0.85991,
            -1.153829,
            -1.686258
        ],
        [
            -0.828379,
            -0.264279,
            2.295113
        ],
        [
            -0.727313,
            -0.35062,
            -2.042204
        ],
        [
            0.717924,
            -0.359692,
            -2.081506
        ],
        [
            0.835885,
            -0.273011,
            2.299154
        ],
        [
            -0.782064,
            -1.284984,
            -1.756891
        ],
        [
            0.782537,
            -1.284984,
            -1.756891
        ]
    ]
}