{
    "car_type": "unknown",
    "name": "Renault_Logan_2004",
    "pts": {
        "fl wheel": 0,
        "bl wheel": 1,
        "br wheel": 2,
        "fr wheel": 3,
        "windshield tr": 4,
        "windshield tl": 5,
        "windshield bl": 6,
        "windshield br": 7,
        "rear window tl": 8,
        "rear window tr": 9,
        "rear window br": 10,
        "rear window bl": 11,
        "rearview mirror l": 12,
        "rearview mirror r": 13,
        "bottom of license fr": 14,
        "bottom of license fl": 15,
        "bottom of license bl": 16,
        "bottom of license br": 17,
        "headlight fr inner bottom": 18,
        "headlight fr outer top": 19,
        "headlight fl inner bottom": 20,
        "headlight fl outer top": 21,
        "headlight bl inner bottom": 22,
        "headlight bl outer top": 23,
        "headlight br inner bottom": 24,
        "headlight br outer top": 25,
        "bottom bumper fl": 26,
        "bottom bumper bl": 27,
        "bottom bumper br": 28,
        "bottom bumper fr": 29,
        "side window back l": 30,
        "side window back r": 31
    },
    "vertices": [
        [
            -0.798123,
            -0.272036,
            1.407356
        ],
        [
            -0.810973,
            -0.272036,
            -1.199342
        ],
        [
            0.81273,
            -0.272036,
            -1.199342
        ],
        [
            0.80092,
            -0.272036,
            1.407356
        ],
        [
            0.611452,
            -1.211392,
            0.434939
        ],
        [
            -0.608303,
            -1.209653,
            0.434147
        ],
        [
            -0.709384,
            -0.890156,
            0.988245
        ],
        [
            0.712181,
            -0.890156,
            0.988245
        ],
        [
            -0.59183,
            -1.238321,
            -1.001626
        ],
        [
            0.594627,
            -1.238321,
            -1.001626
        ],
        [
            0.64303,
            -0.960683,
            -1.485213
        ],
        [
            -0.640233,
            -0.960683,
            -1.485213
        ],
        [
            -0.951008,
            -0.930053,
            0.727369
        ],
        [
            0.953805,
            -0.930053,
            0.727369
        ],
        [
            0.269482,
            -0.337402,
            2.201365
        ],
        [
            -0.266685,
            -0.337404,
            2.201365
        ],
        [
            -0.265643,
            -0.357198,
            -2.004789
        ],
        [
            0.269482,
            -0.359411,
            -2.004527
        ],
        [
            0.402899,
            -0.53383,
            2.093977
        ],
        [
            0.753437,
            -0.677561,
            1.846235
        ],
        [
            -0.402177,
            -0.533964,
            2.086695
        ],
        [
            -0.75064,
            -0.677561,
            1.846235
        ],
        [
            -0.51848,
            -0.603204,
            -1.915238
        ],
        [
            -0.714358,
            -0.861386,
            -1.794623
        ],
        [
            0.521278,
            -0.603204,
            -1.915238
        ],
        [
            0.704826,
            -0.883059,
            -1.796509
        ],
        [
            -0.697095,
            -0.205611,
            1.995318
        ],
        [
            -0.706501,
            -0.223693,
            -1.691875
        ],
        [
            0.669385,
            -0.230379,
            -1.815252
        ],
        [
            0.699892,
            -0.205611,
            1.995318
        ],
        [
            -0.770151,
            -0.884938,
            -0.864367
        ],
        [
            0.772704,
            -0.896603,
            -0.878574
        ]
    ]
}