{
    "car_type": "unknown",
    "name": "Smart",
    "pts": {
        "fl wheel": 0,
        "bl wheel": 1,
        "br wheel": 2,
        "fr wheel": 3,
        "windshield tr": 4,
        "windshield tl": 5,
        "windshield bl": 6,
        "windshield br": 7,
        "rear window tl": 8,
        "rear window tr": 9,
        "rear window br": 10,
        "rear window bl": 11,
        "rearview mirror l": 12,
        "rearview mirror r": 13,
        "bottom of license fr": 14,
        "bottom of license fl": 15,
        "bottom of license bl": 16,
        "bottom of license br": 17,
        "headlight fr inner bottom": 18,
        "headlight fr outer top": 19,
        "headlight fl inner bottom": 20,
        "headlight fl outer top": 21,
        "headlight bl inner bottom": 22,
        "headlight bl outer top": 23,
        "headlight br inner bottom": 24,
        "headlight br outer top": 25,
        "bottom bumper fl": 26,
        "bottom bumper bl": 27,
        "bottom bumper br": 28,
        "bottom bumper fr": 29,
        "side window back l": 30,
        "side window back r": 31
    },
    "vertices": [
        [
            -0.696868,
            -0.274791,
            0.882569
        ],
        [
            -0.737083,
            -0.279702,
            -0.873833
        ],
        [
            0.740736,
            -0.279702,
            -0.873833
        ],
        [
            0.700521,
            -0.274791,
            0.882569
        ],
        [
            0.501149,
            -1.422414,
            0.201973
        ],
        [
            -0.516003,
            -1.421343,
            0.19852
        ],
        [
            -0.588909,
            -1.012614,
            0.7569
        ],
        [
            0.592562,
            -1.012614,
            0.7569
        ],
        [
            -0.467733,
            -1.407893,
            -1.020593
        ],
        [
            0.475268,
            -1.407709,
            -1.020029
        ],
        [
            0.558774,
            -1.081548,
            -1.121769
        ],
        [
            -0.555121,
            -1.081548,
            -1.121769
        ],
        [
            -0.832397,
            -1.073185,
            0.407989
        ],
        [
            0.836049,
            -1.073185,
            0.407989
        ],
        [
            0.17546,
            -0.339093,
            1.270729
        ],
        [
            -0.172372,
            -0.339093,
            1.270729
        ],
        [
            -0.171813,
            -0.806175,
            -1.169396
        ],
        [
            0.176018,
            -0.806175,
            -1.169396
        ],
        [
            0.363297,
            -0.710897,
            1.165281
        ],
        [
            0.622844,
            -0.865034,
            0.908134
        ],
        [
            -0.359644,
            -0.710897,
            1.16528
        ],
        [
            -0.619185,
            -0.865034,
            0.908134
        ],
        [
            -0.536912,
            -0.748431,
            -1.150548
        ],
        [
            -0.653641,
            -1.089829,
            -1.026183
        ],
        [
            0.526109,
            -0.761204,
            -1.152647
        ],
        [
            0.657294,
            -1.089829,
            -1.026182
        ],
        [
            -0.595777,
            -0.243372,
            1.209981
        ],
        [
            -0.651999,
            -0.309867,
            -1.208608
        ],
        [
            0.655659,
            -0.309867,
            -1.208608
        ],
        [
            0.59943,
            -0.243372,
            1.209981
        ],
        [
            -0.626708,
            -1.210881,
            -0.681758
        ],
        [
            0.630361,
            -1.210887,
            -0.681758
        ]
    ]
}