{
    "car_type": "unknown",
    "name": "SsangYong_Rodius",
    "pts": {
        "fl wheel": 0,
        "bl wheel": 1,
        "br wheel": 2,
        "fr wheel": 3,
        "windshield tr": 4,
        "windshield tl": 5,
        "windshield bl": 6,
        "windshield br": 7,
        "rear window tl": 8,
        "rear window tr": 9,
        "rear window br": 10,
        "rear window bl": 11,
        "rearview mirror l": 12,
        "rearview mirror r": 13,
        "bottom of license fr": 14,
        "bottom of license fl": 15,
        "bottom of license bl": 16,
        "bottom of license br": 17,
        "headlight fr inner bottom": 18,
        "headlight fr outer top": 19,
        "headlight fl inner bottom": 20,
        "headlight fl outer top": 21,
        "headlight bl inner bottom": 22,
        "headlight bl outer top": 23,
        "headlight br inner bottom": 24,
        "headlight br outer top": 25,
        "bottom bumper fl": 26,
        "bottom bumper bl": 27,
        "bottom bumper br": 28,
        "bottom bumper fr": 29,
        "side window back l": 30,
        "side window back r": 31
    },
    "vertices": [
        [
            -0.870079,
            -0.34532,
            1.590178
        ],
        [
            -0.86522,
            -0.34532,
            -1.371608
        ],
        [
            0.864584,
            -0.34532,
            -1.371608
        ],
        [
            0.869443,
            -0.34532,
            1.590178
        ],
        [
            0.675453,
            -1.599912,
            0.628885
        ],
        [
            -0.683434,
            -1.604134,
            0.621589
        ],
        [
            -0.792558,
            -1.149031,
            1.336671
        ],
        [
            0.791922,
            -1.149031,
            1.336671
        ],
        [
            -0.648012,
            -1.61914,
            -2.22816
        ],
        [
            0.642786,
            -1.618322,
            -2.2262
        ],
        [
            0.686641,
            -1.256374,
            -2.321624
        ],
        [
            -0.689404,
            -1.257146,
            -2.319636
        ],
        [
            -1.070836,
            -1.250807,
            0.856663
        ],
        [
            1.070201,
            -1.250807,
            0.856663
        ],
        [
            0.249109,
            -0.454718,
            2.52869
        ],
        [
            -0.25113,
            -0.459771,
            2.533819
        ],
        [
            -0.252132,
            -0.703061,
            -2.446585
        ],
        [
            0.251496,
            -0.703061,
            -2.446585
        ],
        [
            0.414816,
            -0.705804,
            2.430518
        ],
        [
            0.872316,
            -0.850412,
            2.002335
        ],
        [
            -0.415452,
            -0.705804,
            2.430518
        ],
        [
            -0.873324,
            -0.852086,
            1.998543
        ],
        [
            -0.337669,
            -0.713882,
            -2.454056
        ],
        [
            -0.858715,
            -1.019164,
            -1.989105
        ],
        [
            0.350538,
            -0.718618,
            -2.457816
        ],
        [
            0.858079,
            -1.019164,
            -1.989105
        ],
        [
            -0.700538,
            -0.315299,
            2.231989
        ],
        [
            -0.784436,
            -0.330542,
            -2.238085
        ],
        [
            0.765039,
            -0.330709,
            -2.268652
        ],
        [
            0.720293,
            -0.30059,
            2.185293
        ],
        [
            -0.795232,
            -1.266528,
            -1.741582
        ],
        [
            0.794597,
            -1.266528,
            -1.741582
        ]
    ]
}