{
    "car_type": "unknown",
    "name": "Toyota_Camry",
    "pts": {
        "fl wheel": 0,
        "bl wheel": 1,
        "br wheel": 2,
        "fr wheel": 3,
        "windshield tr": 4,
        "windshield tl": 5,
        "windshield bl": 6,
        "windshield br": 7,
        "rear window tl": 8,
        "rear window tr": 9,
        "rear window br": 10,
        "rear window bl": 11,
        "rearview mirror l": 12,
        "rearview mirror r": 13,
        "bottom of license fr": 14,
        "bottom of license fl": 15,
        "bottom of license bl": 16,
        "bottom of license br": 17,
        "headlight fr inner bottom": 18,
        "headlight fr outer top": 19,
        "headlight fl inner bottom": 20,
        "headlight fl outer top": 21,
        "headlight bl inner bottom": 22,
        "headlight bl outer top": 23,
        "headlight br inner bottom": 24,
        "headlight br outer top": 25,
        "bottom bumper fl": 26,
        "bottom bumper bl": 27,
        "bottom bumper br": 28,
        "bottom bumper fr": 29,
        "side window back l": 30,
        "side window back r": 31
    },
    "vertices": [
        [
            -0.893289,
            -0.326487,
            1.533054
        ],
        [
            -0.893289,
            -0.326487,
            -1.297118
        ],
        [
            0.891762,
            -0.326486,
            -1.297118
        ],
        [
            0.891762,
            -0.326486,
            1.533054
        ],
        [
            0.587291,
            -1.357575,
            0.426097
        ],
        [
            -0.588817,
            -1.357576,
            0.426097
        ],
        [
            -0.713664,
            -0.990926,
            1.201358
        ],
        [
            0.712138,
            -0.990925,
            1.201358
        ],
        [
            -0.561127,
            -1.366488,
            -1.032945
        ],
        [
            0.5596,
            -1.366488,
            -1.032945
        ],
        [
            0.578138,
            -1.109049,
            -1.777289
        ],
        [
            -0.618354,
            -1.111068,
            -1.729942
        ],
        [
            -0.988487,
            -1.092889,
            0.717013
        ],
        [
            0.98696,
            -1.092888,
            0.717013
        ],
        [
            0.273014,
            -0.362387,
            2.474522
        ],
        [
            -0.274541,
            -0.362387,
            2.474522
        ],
        [
            -0.261744,
            -0.755222,
            -2.287322
        ],
        [
            0.260217,
            -0.755222,
            -2.287322
        ],
        [
            0.445744,
            -0.582816,
            2.397488
        ],
        [
            0.834538,
            -0.791052,
            1.858253
        ],
        [
            -0.447271,
            -0.582816,
            2.397488
        ],
        [
            -0.836065,
            -0.791053,
            1.858253
        ],
        [
            -0.397154,
            -0.763828,
            -2.277498
        ],
        [
            -0.779201,
            -0.945232,
            -1.872342
        ],
        [
            0.395627,
            -0.763828,
            -2.277498
        ],
        [
            0.777674,
            -0.94523,
            -1.872342
        ],
        [
            -0.767033,
            -0.216793,
            2.159963
        ],
        [
            -0.683614,
            -0.327216,
            -2.181497
        ],
        [
            0.682087,
            -0.327215,
            -2.181497
        ],
        [
            0.722291,
            -0.21766,
            2.205146
        ],
        [
            -0.767953,
            -1.048223,
            -1.265745
        ],
        [
            0.766426,
            -1.048222,
            -1.265745
        ]
    ]
}