{
    "car_type": "unknown",
    "name": "Toyota_Prius_XW30_2010",
    "pts": {
        "fl wheel": 0,
        "bl wheel": 1,
        "br wheel": 2,
        "fr wheel": 3,
        "windshield tr": 4,
        "windshield tl": 5,
        "windshield bl": 6,
        "windshield br": 7,
        "rear window tl": 8,
        "rear window tr": 9,
        "rear window br": 10,
        "rear window bl": 11,
        "rearview mirror l": 12,
        "rearview mirror r": 13,
        "bottom of license fr": 14,
        "bottom of license fl": 15,
        "bottom of license bl": 16,
        "bottom of license br": 17,
        "headlight fr inner bottom": 18,
        "headlight fr outer top": 19,
        "headlight fl inner bottom": 20,
        "headlight fl outer top": 21,
        "headlight bl inner bottom": 22,
        "headlight bl outer top": 23,
        "headlight br inner bottom": 24,
        "headlight br outer top": 25,
        "bottom bumper fl": 26,
        "bottom bumper bl": 27,
        "bottom bumper br": 28,
        "bottom bumper fr": 29,
        "side window back l": 30,
        "side window back r": 31
    },
    "vertices": [
        [
            -0.856459,
            -0.324943,
            1.234487
        ],
        [
            -0.841804,
            -0.32671,
            -1.494243
        ],
        [
            0.826501,
            -0.32671,
            -1.494243
        ],
        [
            0.841156,
            -0.324944,
            1.234487
        ],
        [
            0.585859,
            -1.380339,
            0.228325
        ],
        [
            -0.59655,
            -1.380318,
            0.228317
        ],
        [
            -0.70202,
            -1.030011,
            1.133274
        ],
        [
            0.691272,
            -1.030024,
            1.133295
        ],
        [
            -0.553757,
            -1.410417,
            -1.269556
        ],
        [
            0.543007,
            -1.410425,
            -1.269551
        ],
        [
            0.563167,
            -1.208117,
            -1.984876
        ],
        [
            -0.580679,
            -1.208117,
            -1.984876
        ],
        [
            -1.007674,
            -1.064067,
            0.559369
        ],
        [
            0.986567,
            -1.07128,
            0.562347
        ],
        [
            0.256047,
            -0.45362,
            2.126497
        ],
        [
            -0.255193,
            -0.453621,
            2.126497
        ],
        [
            -0.263205,
            -0.78141,
            -2.2035
        ],
        [
            0.245693,
            -0.78141,
            -2.2035
        ],
        [
            0.463831,
            -0.656896,
            1.979892
        ],
        [
            0.758001,
            -0.856154,
            1.439413
        ],
        [
            -0.474565,
            -0.656896,
            1.979892
        ],
        [
            -0.768738,
            -0.856154,
            1.439413
        ],
        [
            -0.58933,
            -0.760054,
            -2.177388
        ],
        [
            -0.732559,
            -1.057124,
            -1.891773
        ],
        [
            0.578606,
            -0.760057,
            -2.177388
        ],
        [
            0.724624,
            -1.057878,
            -1.888312
        ],
        [
            -0.793509,
            -0.201015,
            1.869636
        ],
        [
            -0.754973,
            -0.262673,
            -2.105106
        ],
        [
            0.737499,
            -0.26364,
            -2.110976
        ],
        [
            0.778206,
            -0.201016,
            1.869637
        ],
        [
            -0.668939,
            -1.246894,
            -1.519721
        ],
        [
            0.653646,
            -1.24648,
            -1.521007
        ]
    ]
}