{
    "car_type": "unknown",
    "name": "VAZ_2115",
    "pts": {
        "fl wheel": 0,
        "bl wheel": 1,
        "br wheel": 2,
        "fr wheel": 3,
        "windshield tr": 4,
        "windshield tl": 5,
        "windshield bl": 6,
        "windshield br": 7,
        "rear window tl": 8,
        "rear window tr": 9,
        "rear window br": 10,
        "rear window bl": 11,
        "rearview mirror l": 12,
        "rearview mirror r": 13,
        "bottom of license fr": 14,
        "bottom of license fl": 15,
        "bottom of license bl": 16,
        "bottom of license br": 17,
        "headlight fr inner bottom": 18,
        "headlight fr outer top": 19,
        "headlight fl inner bottom": 20,
        "headlight fl outer top": 21,
        "headlight bl inner bottom": 22,
        "headlight bl outer top": 23,
        "headlight br inner bottom": 24,
        "headlight br outer top": 25,
        "bottom bumper fl": 26,
        "bottom bumper bl": 27,
        "bottom bumper br": 28,
        "bottom bumper fr": 29,
        "side window back l": 30,
        "side window back r": 31
    },
    "vertices": [
        [
            -0.780479,
            -0.303558,
            1.440887
        ],
        [
            -0.780585,
            -0.306248,
            -1.095845
        ],
        [
            0.769207,
            -0.304505,
            -1.08308
        ],
        [
            0.769445,
            -0.305648,
            1.439094
        ],
        [
            0.4912,
            -1.312091,
            0.42949
        ],
        [
            -0.512814,
            -1.31256,
            0.423792
        ],
        [
            -0.695179,
            -0.910624,
            0.980139
        ],
        [
            0.687998,
            -0.910624,
            0.980139
        ],
        [
            -0.524875,
            -1.31175,
            -1.010686
        ],
        [
            0.517693,
            -1.31175,
            -1.010686
        ],
        [
            0.645949,
            -0.971295,
            -1.420324
        ],
        [
            -0.65313,
            -0.971295,
            -1.420324
        ],
        [
            -0.921263,
            -1.034032,
            0.710528
        ],
        [
            0.914082,
            -1.034032,
            0.710528
        ],
        [
            0.250779,
            -0.383913,
            2.273381
        ],
        [
            -0.258884,
            -0.383941,
            2.27181
        ],
        [
            -0.259252,
            -0.308556,
            -2.016039
        ],
        [
            0.254918,
            -0.308584,
            -2.01362
        ],
        [
            0.294545,
            -0.593024,
            2.192891
        ],
        [
            0.71374,
            -0.658062,
            2.00335
        ],
        [
            -0.301726,
            -0.593024,
            2.192891
        ],
        [
            -0.720921,
            -0.658062,
            2.00335
        ],
        [
            -0.217719,
            -0.573074,
            -1.944495
        ],
        [
            -0.736142,
            -0.741319,
            -1.876116
        ],
        [
            0.218398,
            -0.573074,
            -1.944496
        ],
        [
            0.730535,
            -0.735177,
            -1.860816
        ],
        [
            -0.686409,
            -0.211896,
            2.080386
        ],
        [
            -0.694758,
            -0.234027,
            -1.951829
        ],
        [
            0.712774,
            -0.228706,
            -1.88148
        ],
        [
            0.686159,
            -0.221853,
            2.093585
        ],
        [
            -0.696359,
            -0.960666,
            -1.26079
        ],
        [
            0.686508,
            -0.959801,
            -1.251836
        ]
    ]
}