{
    "car_type": "unknown",
    "name": "VAZ_2106",
    "pts": {
        "fl wheel": 0,
        "bl wheel": 1,
        "br wheel": 2,
        "fr wheel": 3,
        "windshield tr": 4,
        "windshield tl": 5,
        "windshield bl": 6,
        "windshield br": 7,
        "rear window tl": 8,
        "rear window tr": 9,
        "rear window br": 10,
        "rear window bl": 11,
        "rearview mirror l": 12,
        "rearview mirror r": 13,
        "bottom of license fr": 14,
        "bottom of license fl": 15,
        "bottom of license bl": 16,
        "bottom of license br": 17,
        "headlight fr inner bottom": 18,
        "headlight fr outer top": 19,
        "headlight fl inner bottom": 20,
        "headlight fl outer top": 21,
        "headlight bl inner bottom": 22,
        "headlight bl outer top": 23,
        "headlight br inner bottom": 24,
        "headlight br outer top": 25,
        "bottom bumper fl": 26,
        "bottom bumper bl": 27,
        "bottom bumper br": 28,
        "bottom bumper fr": 29,
        "side window back l": 30,
        "side window back r": 31
    },
    "vertices": [
        [
            -0.699751,
            -0.257377,
            1.378526
        ],
        [
            -0.657798,
            -0.22208,
            -1.093496
        ],
        [
            0.622828,
            -0.22143,
            -1.098107
        ],
        [
            0.664781,
            -0.257493,
            1.379701
        ],
        [
            0.581538,
            -1.155459,
            0.547357
        ],
        [
            -0.616601,
            -1.159019,
            0.550107
        ],
        [
            -0.689217,
            -0.823073,
            0.867731
        ],
        [
            0.652037,
            -0.823944,
            0.860129
        ],
        [
            -0.590827,
            -1.103932,
            -1.022363
        ],
        [
            0.558146,
            -1.103932,
            -1.022363
        ],
        [
            0.625742,
            -0.762399,
            -1.33107
        ],
        [
            -0.658423,
            -0.762399,
            -1.33107
        ],
        [
            -0.906029,
            -0.866809,
            0.713446
        ],
        [
            0.862111,
            -0.865681,
            0.710784
        ],
        [
            0.220498,
            -0.320848,
            1.973927
        ],
        [
            -0.255468,
            -0.320848,
            1.973927
        ],
        [
            -0.267789,
            -0.474183,
            -2.030427
        ],
        [
            0.23354,
            -0.47386,
            -2.033729
        ],
        [
            0.303096,
            -0.501593,
            1.855685
        ],
        [
            0.713003,
            -0.679814,
            1.89429
        ],
        [
            -0.341896,
            -0.498285,
            1.857469
        ],
        [
            -0.740583,
            -0.673951,
            1.875338
        ],
        [
            -0.278974,
            -0.440405,
            -2.037234
        ],
        [
            -0.629085,
            -0.559216,
            -2.023476
        ],
        [
            0.244003,
            -0.440405,
            -2.037234
        ],
        [
            0.596407,
            -0.559216,
            -2.023476
        ],
        [
            -0.779939,
            -0.33297,
            1.900205
        ],
        [
            -0.740428,
            -0.275141,
            -2.079001
        ],
        [
            0.705461,
            -0.275141,
            -2.078999
        ],
        [
            0.760686,
            -0.332833,
            1.876571
        ],
        [
            -0.731265,
            -0.774132,
            -1.006546
        ],
        [
            0.695565,
            -0.786465,
            -0.974584
        ]
    ]
}