{
    "car_type": "unknown",
    "name": "VAZ_Niva_1982",
    "pts": {
        "fl wheel": 0,
        "bl wheel": 1,
        "br wheel": 2,
        "fr wheel": 3,
        "windshield tr": 4,
        "windshield tl": 5,
        "windshield bl": 6,
        "windshield br": 7,
        "rear window tl": 8,
        "rear window tr": 9,
        "rear window br": 10,
        "rear window bl": 11,
        "rearview mirror l": 12,
        "rearview mirror r": 13,
        "bottom of license fr": 14,
        "bottom of license fl": 15,
        "bottom of license bl": 16,
        "bottom of license br": 17,
        "headlight fr inner bottom": 18,
        "headlight fr outer top": 19,
        "headlight fl inner bottom": 20,
        "headlight fl outer top": 21,
        "headlight bl inner bottom": 22,
        "headlight bl outer top": 23,
        "headlight br inner bottom": 24,
        "headlight br outer top": 25,
        "bottom bumper fl": 26,
        "bottom bumper bl": 27,
        "bottom bumper br": 28,
        "bottom bumper fr": 29,
        "side window back l": 30,
        "side window back r": 31
    },
    "vertices": [
        [
            -0.772668,
            -0.334506,
            1.284638
        ],
        [
            -0.772668,
            -0.334505,
            -0.923916
        ],
        [
            0.781235,
            -0.334505,
            -0.923916
        ],
        [
            0.781235,
            -0.334506,
            1.284638
        ],
        [
            0.629276,
            -1.520103,
            0.367977
        ],
        [
            -0.602012,
            -1.520821,
            0.374043
        ],
        [
            -0.67037,
            -1.117166,
            0.724567
        ],
        [
            0.68601,
            -1.120247,
            0.724665
        ],
        [
            -0.508321,
            -1.470044,
            -1.330204
        ],
        [
            0.516888,
            -1.470044,
            -1.330204
        ],
        [
            0.556527,
            -1.095043,
            -1.551586
        ],
        [
            -0.515856,
            -1.079176,
            -1.563751
        ],
        [
            -0.873543,
            -1.173306,
            0.544636
        ],
        [
            0.878341,
            -1.177819,
            0.548018
        ],
        [
            0.247208,
            -0.448538,
            1.970989
        ],
        [
            -0.23864,
            -0.448538,
            1.970989
        ],
        [
            -0.23864,
            -0.653191,
            -1.635072
        ],
        [
            0.247208,
            -0.653191,
            -1.635072
        ],
        [
            0.471565,
            -0.609056,
            1.827775
        ],
        [
            0.684235,
            -0.809701,
            1.810616
        ],
        [
            -0.462997,
            -0.609056,
            1.827775
        ],
        [
            -0.675667,
            -0.809701,
            1.810617
        ],
        [
            -0.310229,
            -0.653564,
            -1.668271
        ],
        [
            -0.62178,
            -0.777486,
            -1.671148
        ],
        [
            0.318797,
            -0.653564,
            -1.668271
        ],
        [
            0.635734,
            -0.772747,
            -1.65933
        ],
        [
            -0.759875,
            -0.461838,
            1.896725
        ],
        [
            -0.756547,
            -0.468328,
            -1.700095
        ],
        [
            0.753677,
            -0.468328,
            -1.711205
        ],
        [
            0.762123,
            -0.461911,
            1.908291
        ],
        [
            -0.708099,
            -1.117266,
            -1.24041
        ],
        [
            0.726538,
            -1.145377,
            -1.258119
        ]
    ]
}